PassengerId,Survived,Pclass,Name,Ticket,Cabin,Sex_female,Sex_male,Embarked_C,Embarked_Q,Embarked_S,Fare_scaled,FamilySize,AgeGroup
1,0,3,"Braund, Mr. Owen Harris",A/5 21171,B96 B98,0,1,0,0,1,0.22512585954837525,1,18-35
2,1,1,"Cumings, Mrs. John Bradley (Florence Briggs Thayer)",PC 17599,C85,1,0,1,0,0,2.2134778184751305,1,35-50
3,1,3,"Heikkinen, Miss. Laina",STON/O2. 3101282,B96 B98,1,0,0,0,1,0.24608585336839636,0,18-35
4,1,1,"Futrelle, Mrs. Jacques Heath (Lily May Peel)",113803,C123,1,0,0,0,1,1.6488528471749966,1,18-35
5,0,3,"Allen, Mr. William Henry",373450,B96 B98,0,1,0,0,1,0.24996733370543736,0,18-35
6,0,3,"Moran, Mr. James",330877,B96 B98,0,1,0,1,0,0.2626458010783479,0,18-35
7,0,1,"McCarthy, Mr. Timothy J",17463,E46,0,1,0,0,1,1.610426191838291,0,50+
8,0,3,"Palsson, Master. Gosta Leonard",349909,B96 B98,0,1,0,0,1,0.6544175848251046,4,0-18
9,1,3,"Johnson, Mrs. Oscar W (Elisabeth Vilhelmina Berg)",347742,B96 B98,1,0,0,0,1,0.3457094802910243,2,18-35
10,1,2,"Nasser, Mrs. Nicholas (Adele Achem)",237736,B96 B98,1,0,1,0,0,0.9337537513527285,1,0-18
11,1,3,"Sandstrom, Miss. Marguerite Rut",PP 9549,G6,1,0,0,0,1,0.5185657730286712,2,0-18
12,1,1,"Bonnell, Miss. Elizabeth",113783,C103,1,0,0,0,1,0.8244264235874983,0,50+
13,0,3,"Saundercock, Mr. William Henry",A/5. 2151,B96 B98,0,1,0,0,1,0.24996733370543736,0,18-35
14,0,3,"Andersson, Mr. Anders Johan",347082,B96 B98,0,1,0,0,1,0.9711463803276462,6,35-50
15,0,3,"Vestrom, Miss. Hulda Amanda Adolfina",350406,B96 B98,1,0,0,0,1,0.24388738290549636,0,0-18
16,1,2,"Hewlett, Mrs. (Mary D Kingcome) ",248706,B96 B98,1,0,0,0,1,0.4968294831412419,0,50+
17,0,3,"Rice, Master. Eugene",382652,B96 B98,0,1,0,1,0,0.9043849185305419,5,0-18
18,1,2,"Williams, Mr. Charles Eugene",244373,B96 B98,0,1,0,0,1,0.40367395505225906,0,18-35
19,0,3,"Vander Planke, Mrs. Julius (Emelia Maria Vandemoortele)",345763,B96 B98,1,0,0,0,1,0.5589331685338972,1,18-35
20,1,3,"Masselmani, Mrs. Fatima",2649,B96 B98,1,0,1,0,0,0.22434956348096705,0,18-35
21,0,2,"Fynney, Mr. Joseph J",239865,B96 B98,0,1,0,0,1,0.8073479101045181,0,18-35
22,1,2,"Beesley, Mr. Lawrence",248698,D56,0,1,0,0,1,0.40367395505225906,0,18-35
23,1,3,"McGowan, Miss. Anna ""Annie""",330923,B96 B98,1,0,0,1,0,0.2493214553773537,0,0-18
24,1,1,"Sloper, Mr. William Thompson",113788,A6,0,1,0,0,1,1.1023404157196304,0,18-35
25,0,3,"Palsson, Miss. Torborg Danira",349909,B96 B98,1,0,0,0,1,0.6544175848251046,4,0-18
26,1,3,"Asplund, Mrs. Carl Oscar (Selma Augusta Emilia Johansson)",347077,B96 B98,1,0,0,0,1,0.9746397126309831,6,35-50
27,0,3,"Emir, Mr. Farred Chehab",2631,B96 B98,0,1,1,0,0,0.22434956348096705,0,18-35
28,0,1,"Fortune, Mr. Charles Alexander",19950,C23 C25 C27,0,1,0,0,1,8.166634629134164,5,18-35
29,1,3,"O'Dwyer, Miss. Ellen ""Nellie""",330959,B96 B98,1,0,0,1,0,0.24466367897290456,0,18-35
30,0,3,"Todoroff, Mr. Lalio",349216,B96 B98,0,1,0,0,1,0.24517913956166362,0,18-35
31,0,1,"Uruchurtu, Don. Manuel E",PC 17601,B96 B98,0,1,1,0,0,0.8607819210163586,0,35-50
32,1,1,"Spencer, Mrs. William Augustus (Marie Eugenie)",PC 17569,B78,1,0,1,0,0,4.54974083334008,1,18-35
33,1,3,"Glynn, Miss. Mary Agatha",335677,B96 B98,1,0,0,1,0,0.24065178089653905,0,18-35
34,0,2,"Wheadon, Mr. Edward H",C.A. 24579,B96 B98,0,1,0,0,1,0.32604434831143997,0,50+
35,0,1,"Meyer, Mr. Edgar Joseph",PC 17604,B96 B98,0,1,1,0,0,2.5515547558313973,1,18-35
36,0,1,"Holverson, Mr. Alexander Oskar",113789,B96 B98,0,1,0,0,1,1.6146958202090362,1,35-50
37,1,3,"Mamee, Mr. Hanna",2677,B96 B98,0,1,1,0,0,0.2244799812202916,0,18-35
38,0,3,"Cann, Mr. Ernest Charles",A./5. 2152,B96 B98,0,1,0,0,1,0.24996733370543736,0,18-35
39,0,3,"Vander Planke, Miss. Augusta Maria",345764,B96 B98,1,0,0,0,1,0.5589331685338972,2,0-18
40,1,3,"Nicola-Yarred, Miss. Jamila",2651,B96 B98,1,0,1,0,0,0.3490755000393062,1,0-18
41,0,3,"Ahlin, Mrs. Johan (Johanna Persdotter Larsson)",7546,B96 B98,1,0,0,0,1,0.29421620954770417,1,35-50
42,0,2,"Turpin, Mrs. William John Robert (Dorothy Ann Wonnacott)",11668,B96 B98,1,0,0,0,1,0.6520886966228799,1,18-35
43,0,3,"Kraeff, Mr. Theodor",349253,B96 B98,0,1,1,0,0,0.24517913956166362,0,18-35
44,1,2,"Laroche, Miss. Simonne Marie Anne Andree",SC/Paris 2123,B96 B98,1,0,1,0,0,1.2911107778391453,3,0-18
45,1,3,"Devaney, Miss. Margaret Delia",330958,B96 B98,1,0,0,1,0,0.24466367897290456,0,18-35
46,0,3,"Rogers, Mr. William John",S.C./A.4. 23567,B96 B98,0,1,0,0,1,0.24996733370543736,0,18-35
47,0,3,"Lennon, Mr. Denis",370371,B96 B98,0,1,0,1,0,0.4813035617930781,1,18-35
48,1,3,"O'Driscoll, Miss. Bridget",14311,B96 B98,1,0,0,1,0,0.24065178089653905,0,18-35
49,0,3,"Samaan, Mr. Youssef",2662,B96 B98,0,1,1,0,0,0.6731791081822257,2,18-35
50,0,3,"Arnold-Franchi, Mrs. Josef (Josefine Franchi)",349237,B96 B98,1,0,0,0,1,0.5527227999946316,1,0-18
51,0,3,"Panula, Master. Juha Niilo",3101295,B96 B98,0,1,0,0,1,1.2323700070105024,5,0-18
52,0,3,"Nosworthy, Mr. Richard Cater",A/4. 39886,B96 B98,0,1,0,0,1,0.24220437303135542,0,18-35
53,1,1,"Harper, Mrs. Henry Sleeper (Myna Haxtun)",PC 17572,D33,1,0,1,0,0,2.382583048615061,1,35-50
54,1,2,"Faunthorpe, Mrs. Lizzie (Elizabeth Anne Wilkinson)",2926,B96 B98,1,0,0,0,1,0.8073479101045181,1,18-35
55,0,1,"Ostby, Mr. Engelhart Cornelius",113509,B30,0,1,1,0,0,1.9245683688442288,1,50+
56,1,1,"Woolner, Mr. Hugh",19947,C52,0,1,0,0,1,1.1023404157196304,0,18-35
57,1,2,"Rugg, Miss. Emily",C.A. 31026,B96 B98,1,0,0,0,1,0.32604434831143997,0,18-35
58,0,3,"Novel, Mr. Mansouer",2697,B96 B98,0,1,1,0,0,0.2244799812202916,0,18-35
59,1,2,"West, Miss. Constance Mirium",C.A. 34651,B96 B98,1,0,0,0,1,0.8616886348230914,3,0-18
60,0,3,"Goodwin, Master. William Frederick",CA 2144,B96 B98,0,1,0,0,1,1.4563314224577653,7,0-18
61,0,3,"Sirayanian, Mr. Orsen",2669,B96 B98,0,1,1,0,0,0.2244799812202916,0,18-35
62,1,1,"Icard, Miss. Amelie",113572,B28,1,0,0,0,1,2.4841474157062096,0,35-50
63,0,1,"Harris, Mr. Henry Birkhardt",36973,C83,0,1,0,0,1,2.592052569075948,1,35-50
64,0,3,"Skoog, Master. Harald",347088,B96 B98,0,1,0,0,1,0.8663464112275405,5,0-18
65,0,1,"Stewart, Mr. Albert A",PC 17605,B96 B98,0,1,1,0,0,0.8607819210163586,0,18-35
66,1,3,"Moubarek, Master. Gerios",2661,B96 B98,0,1,1,0,0,0.47341018337967156,2,18-35
67,1,2,"Nye, Mrs. (Elizabeth Ramell)",C.A. 29395,F33,1,0,0,0,1,0.32604434831143997,0,18-35
68,0,3,"Crease, Mr. Ernest James",S.P. 3464,B96 B98,0,1,0,0,1,0.2533302482694496,0,18-35
69,1,3,"Andersson, Miss. Erna Alexandra",3101281,B96 B98,1,0,0,0,1,0.24608585336839636,6,0-18
70,0,3,"Kink, Mr. Vincenz",315151,B96 B98,0,1,0,0,1,0.268986587356938,2,18-35
71,0,2,"Jenkin, Mr. Stephen Curnow",C.A. 33111,B96 B98,0,1,0,0,1,0.32604434831143997,0,18-35
72,0,3,"Goodwin, Miss. Lillian Amy",CA 2144,B96 B98,1,0,0,0,1,1.4563314224577653,7,0-18
73,0,2,"Hood, Mr. Ambrose Jr",S.O.C. 14879,B96 B98,0,1,0,0,1,2.28231043818008,0,18-35
74,0,3,"Chronopoulos, Mr. Apostolos",2680,B96 B98,0,1,1,0,0,0.4488295447012587,1,18-35
75,1,3,"Bing, Mr. Lee",1601,B96 B98,0,1,0,0,1,1.754298694603186,0,18-35
76,0,3,"Moen, Mr. Sigurd Hansen",348123,F G73,0,1,0,0,1,0.2375465966269063,0,18-35
77,0,3,"Staneff, Mr. Ivan",349208,B96 B98,0,1,0,0,1,0.24517913956166362,0,18-35
78,0,3,"Moutal, Mr. Rahamin Haim",374746,B96 B98,0,1,0,0,1,0.24996733370543736,0,18-35
79,1,2,"Caldwell, Master. Alden Gates",248738,B96 B98,0,1,0,0,1,0.900503438193501,2,0-18
80,1,3,"Dowdell, Miss. Elizabeth",364516,B96 B98,1,0,0,0,1,0.38737173763668703,0,18-35
81,0,3,"Waelens, Mr. Achille",345767,B96 B98,0,1,0,0,1,0.2794665842669486,0,18-35
82,1,3,"Sheerlinck, Mr. Jan Baptist",345779,B96 B98,0,1,0,0,1,0.29499250561511237,0,18-35
83,1,3,"McDermott, Miss. Brigdet Delia",330932,B96 B98,1,0,0,1,0,0.24181622499765132,0,18-35
84,0,1,"Carrau, Mr. Francisco M",113059,B96 B98,0,1,0,0,1,1.4625417909970309,0,18-35
85,1,2,"Ilett, Miss. Bertha",SO/C 14885,B96 B98,1,0,0,0,1,0.32604434831143997,0,0-18
86,1,3,"Backstrom, Mrs. Karl Alfred (Maria Mathilda Gustafsson)",3101278,B96 B98,1,0,0,0,1,0.4921717067367927,3,18-35
87,0,3,"Ford, Mr. William Neal",W./C. 6608,B96 B98,0,1,0,0,1,1.067407092686262,4,0-18
88,0,3,"Slocovski, Mr. Selman Francis",SOTON/OQ 392086,B96 B98,0,1,0,0,1,0.24996733370543736,0,18-35
89,1,1,"Fortune, Miss. Mabel Helen",19950,C23 C25 C27,1,0,0,0,1,8.166634629134164,5,18-35
90,0,3,"Celotti, Mr. Francesco",343275,B96 B98,0,1,0,0,1,0.24996733370543736,0,18-35
91,0,3,"Christmann, Mr. Emil",343276,B96 B98,0,1,0,0,1,0.24996733370543736,0,18-35
92,0,3,"Andreasson, Mr. Paul Edvin",347466,B96 B98,0,1,0,0,1,0.24388738290549636,0,18-35
93,0,1,"Chaffee, Mr. Herbert Fuller",W.E.P. 5734,E31,0,1,0,0,1,1.899596476947842,1,35-50
94,0,3,"Dean, Mr. Bertram Frank",C.A. 2315,B96 B98,0,1,0,0,1,0.6388916634769407,3,18-35
95,0,3,"Coxon, Mr. Daniel",364500,B96 B98,0,1,0,0,1,0.22512585954837525,0,50+
96,0,3,"Shorney, Mr. Charles Joseph",374910,B96 B98,0,1,0,0,1,0.24996733370543736,0,18-35
97,0,1,"Goldschmidt, Mr. George B",PC 17754,A5,0,1,1,0,0,1.0760767671670766,0,50+
98,1,1,"Greenfield, Mr. William Bertram",PC 17759,D10 D12,0,1,1,0,0,1.9673919651067342,1,18-35
99,1,2,"Doling, Mrs. John T (Ada Julia Bone)",231919,B96 B98,1,0,0,0,1,0.7141923820155353,1,18-35
100,0,2,"Kantor, Mr. Sinai",244367,B96 B98,0,1,0,0,1,0.8073479101045181,1,18-35
101,0,3,"Petranec, Miss. Matilda",349245,B96 B98,1,0,0,0,1,0.24517913956166362,0,18-35
102,0,3,"Petroff, Mr. Pastcho (""Pentcho"")",349215,B96 B98,0,1,0,0,1,0.24517913956166362,0,18-35
103,0,1,"White, Mr. Richard Frasar",35281,D26,0,1,0,0,1,2.3999192923924206,1,18-35
104,0,3,"Johansson, Mr. Gustaf Joel",7540,B96 B98,0,1,0,0,1,0.26872885706255845,0,18-35
105,0,3,"Gustafsson, Mr. Anders Vilhelm",3101276,B96 B98,0,1,0,0,1,0.24608585336839636,2,35-50
106,0,3,"Mionoff, Mr. Stoytcho",349207,B96 B98,0,1,0,0,1,0.24517913956166362,0,18-35
107,1,3,"Salkjelsvik, Miss. Anna Kristine",343120,B96 B98,1,0,0,0,1,0.2375465966269063,0,18-35
108,1,3,"Moss, Mr. Albert Johan",312991,B96 B98,0,1,0,0,1,0.24142807696394725,0,18-35
109,0,3,"Rekic, Mr. Tido",349249,B96 B98,0,1,0,0,1,0.24517913956166362,0,35-50
110,1,3,"Moran, Miss. Bertha",371110,B96 B98,1,0,0,1,0,0.7499020011163119,1,18-35
111,0,1,"Porter, Mr. Walter Chamberlain",110465,C110,0,1,0,0,1,1.6146958202090362,0,35-50
112,0,3,"Zabour, Miss. Hileni",2665,B96 B98,1,0,1,0,0,0.4488295447012587,1,0-18
113,0,3,"Barton, Mr. David John",324669,B96 B98,0,1,0,0,1,0.24996733370543736,0,18-35
114,0,3,"Jussila, Miss. Katriina",4136,B96 B98,1,0,0,0,1,0.30508435449141885,1,18-35
115,0,3,"Attalah, Miss. Malake",2627,B96 B98,1,0,1,0,0,0.44895685725631357,0,0-18
116,0,3,"Pekoniemi, Mr. Edvard",STON/O 2. 3101294,B96 B98,0,1,0,0,1,0.24608585336839636,0,18-35
117,0,3,"Connors, Mr. Patrick",370369,B96 B98,0,1,0,1,0,0.24065178089653905,0,50+
118,0,2,"Turpin, Mr. William John Robert",11668,B96 B98,0,1,0,0,1,0.6520886966228799,1,18-35
119,0,1,"Baxter, Mr. Quigg Edmond",PC 17558,B58 B60,0,1,1,0,0,7.68597694566917,1,18-35
120,0,3,"Andersson, Miss. Ellis Anna Maria",347082,B96 B98,1,0,0,0,1,0.9711463803276462,6,0-18
121,0,2,"Hickman, Mr. Stanley George",S.O.C. 14879,B96 B98,0,1,0,0,1,2.28231043818008,2,18-35
122,0,3,"Moore, Mr. Leonard Charles",A4. 54510,B96 B98,0,1,0,0,1,0.24996733370543736,0,18-35
123,0,2,"Nasser, Mr. Nicholas",237736,B96 B98,0,1,1,0,0,0.9337537513527285,1,18-35
124,1,2,"Webber, Miss. Susan",27267,E101,1,0,0,0,1,0.40367395505225906,0,18-35
125,0,1,"White, Mr. Percival Wayland",35281,D26,0,1,0,0,1,2.3999192923924206,1,50+
126,1,3,"Nicola-Yarred, Master. Elias",2651,B96 B98,0,1,1,0,0,0.3490755000393062,1,0-18
127,0,3,"McMahon, Mr. Martin",370372,B96 B98,0,1,0,1,0,0.24065178089653905,0,18-35
128,1,3,"Madsen, Mr. Fridtjof Arne",C 17369,B96 B98,0,1,0,0,1,0.22176294498436297,0,18-35
129,1,3,"Peter, Miss. Anna",2668,F E69,1,0,1,0,0,0.6942664145573018,2,18-35
130,0,3,"Ekstrom, Mr. Johan",347061,B96 B98,0,1,0,0,1,0.21658660280688513,0,35-50
131,0,3,"Drazenoic, Mr. Jozef",349241,B96 B98,0,1,1,0,0,0.24517913956166362,0,18-35
132,0,3,"Coelho, Mr. Domingos Fernandeo",SOTON/O.Q. 3101307,B96 B98,0,1,0,0,1,0.2189154910091097,0,18-35
133,0,3,"Robins, Mrs. Alexander A (Grace Charity Laury)",A/5. 3337,B96 B98,1,0,0,0,1,0.4502517190967505,1,35-50
134,1,2,"Weisz, Mrs. Leopold (Mathilde Francoise Pede)",228414,B96 B98,1,0,0,0,1,0.8073479101045181,1,18-35
135,0,2,"Sobey, Mr. Samuel James Hayden",C.A. 29178,B96 B98,0,1,0,0,1,0.40367395505225906,0,18-35
136,0,2,"Richard, Mr. Emile",SC/PARIS 2133,B96 B98,0,1,1,0,0,0.46719981484040607,0,18-35
137,1,1,"Newsom, Miss. Helen Monypeny",11752,D47,1,0,0,0,1,0.8161448971403877,2,18-35
138,0,1,"Futrelle, Mr. Jacques Heath",113803,C123,0,1,0,0,1,1.6488528471749966,1,35-50
139,0,3,"Osen, Mr. Olaf Elon",7534,B96 B98,0,1,0,0,1,0.28619551857924275,0,0-18
140,0,1,"Giglio, Mr. Victor",PC 17593,B86,0,1,1,0,0,2.4593059415491476,0,18-35
141,0,3,"Boulos, Mrs. Joseph (Sultana)",2678,B96 B98,1,0,1,0,0,0.47341018337967156,2,18-35
142,1,3,"Nysten, Miss. Anna Sofia",347081,B96 B98,1,0,0,0,1,0.24065178089653905,0,18-35
143,1,3,"Hakkarainen, Mrs. Pekka Pietari (Elin Matilda Dolck)",STON/O2. 3101279,B96 B98,1,0,0,0,1,0.4921717067367927,1,18-35
144,0,3,"Burke, Mr. Jeremiah",365222,B96 B98,0,1,0,1,0,0.20959993820021142,0,18-35
145,0,2,"Andrew, Mr. Edgardo Samuel",231945,B96 B98,0,1,0,0,1,0.3570961910077676,0,0-18
146,0,2,"Nicholls, Mr. Joseph Charles",C.A. 33112,B96 B98,0,1,0,0,1,1.14115521909004,2,18-35
147,1,3,"Andersson, Mr. August Edvard (""Wennerstrom"")",350043,B96 B98,0,1,0,0,1,0.24207395529203085,0,18-35
148,0,3,"Ford, Miss. Robina Maggie ""Ruby""",W./C. 6608,B96 B98,1,0,0,0,1,1.067407092686262,4,0-18
149,0,2,"Navratil, Mr. Michel (""Louis M Hoffman"")",230080,F2,0,1,0,0,1,0.8073479101045181,2,35-50
150,0,2,"Byles, Rev. Thomas Roussel Davids",244310,B96 B98,0,1,0,0,1,0.40367395505225906,0,35-50
151,0,2,"Bateman, Rev. Robert James",S.O.P. 1166,B96 B98,0,1,0,0,1,0.38892432977150343,0,50+
152,1,1,"Pears, Mrs. Thomas (Edith Wearne)",113776,C2,1,0,0,0,1,2.0680527235754194,1,18-35
153,0,3,"Meo, Mr. Alfonzo",A.5. 11206,B96 B98,0,1,0,0,1,0.24996733370543736,0,50+
154,0,3,"van Billiard, Mr. Austin Blyler",A/5. 851,B96 B98,0,1,0,0,1,0.4502517190967505,2,35-50
155,0,3,"Olsen, Mr. Ole Martin",Fa 265302,B96 B98,0,1,0,0,1,0.22706659971689572,0,18-35
156,0,1,"Williams, Mr. Charles Duane",PC 17597,B96 B98,0,1,1,0,0,1.905937263226432,1,50+
157,1,3,"Gilnagh, Miss. Katherine ""Katie""",35851,B96 B98,1,0,0,1,0,0.24013321512351038,0,0-18
158,0,3,"Corn, Mr. Harry",SOTON/OQ 392090,B96 B98,0,1,0,0,1,0.24996733370543736,0,18-35
159,0,3,"Smiljanic, Mr. Mile",315037,B96 B98,0,1,0,0,1,0.268986587356938,0,18-35
160,0,3,"Sage, Master. Thomas Henry",CA. 2343,B96 B98,0,1,0,0,1,2.159655659529586,10,18-35
161,0,3,"Cribb, Mr. John Hatfield",371362,B96 B98,0,1,0,0,1,0.4999346674108747,1,35-50
162,1,2,"Watt, Mrs. James (Elizabeth ""Bessie"" Inglis Milne)",C.A. 33595,B96 B98,1,0,0,0,1,0.48906652246716,0,35-50
163,0,3,"Bengtsson, Mr. John Viktor",347068,B96 B98,0,1,0,0,1,0.24142807696394725,0,18-35
164,0,3,"Calic, Mr. Jovo",315093,B96 B98,0,1,0,0,1,0.268986587356938,0,0-18
165,0,3,"Panula, Master. Eino Viljami",3101295,B96 B98,0,1,0,0,1,1.2323700070105024,5,0-18
166,1,3,"Goldsmith, Master. Frank John William ""Frankie""",363291,B96 B98,0,1,0,0,1,0.6373390713421243,2,0-18
167,1,1,"Chibnall, Mrs. (Edith Martha Bowerman)",113505,E33,1,0,0,0,1,1.707851348298019,1,18-35
168,0,3,"Skoog, Mrs. William (Anna Bernhardina Karlsson)",347088,B96 B98,1,0,0,0,1,0.8663464112275405,5,35-50
169,0,1,"Baumann, Mr. John D",PC 17318,B96 B98,0,1,0,0,1,0.8050190219022936,0,18-35
170,0,3,"Ling, Mr. Lee",1601,B96 B98,0,1,0,0,1,1.754298694603186,0,18-35
171,0,1,"Van der hoef, Mr. Wyckoff",111240,B19,0,1,0,0,1,1.0402367303269753,0,50+
172,0,3,"Rice, Master. Arthur",382652,B96 B98,0,1,0,1,0,0.9043849185305419,5,0-18
173,1,3,"Johnson, Miss. Eleanor Ileen",347742,B96 B98,1,0,0,0,1,0.3457094802910243,2,0-18
174,0,3,"Sivola, Mr. Antti Wilhelm",STON/O 2. 3101280,B96 B98,0,1,0,0,1,0.24608585336839636,0,18-35
175,0,1,"Smith, Mr. James Clinch",17764,A7,0,1,1,0,0,0.9531611530379333,0,50+
176,0,3,"Klasen, Mr. Klas Albin",350404,B96 B98,0,1,0,0,1,0.24388738290549636,2,0-18
177,0,3,"Lefebre, Master. Henry Forbes",4133,B96 B98,0,1,0,0,1,0.7907879623945665,4,18-35
178,0,1,"Isham, Miss. Ann Elizabeth",PC 17595,C49,1,0,1,0,0,0.8915760334183067,0,35-50
179,0,2,"Hale, Mr. Reginald",250653,B96 B98,0,1,0,0,1,0.40367395505225906,0,18-35
180,0,3,"Leonard, Mr. Lionel",LINE,B96 B98,0,1,0,0,1,0.0,0,35-50
181,0,3,"Sage, Miss. Constance Gladys",CA. 2343,B96 B98,1,0,0,0,1,2.159655659529586,10,18-35
182,0,2,"Pernot, Mr. Rene",SC/PARIS 2131,B96 B98,0,1,1,0,0,0.46733023257973066,0,18-35
183,0,3,"Asplund, Master. Clarence Gustaf Hugo",347077,B96 B98,0,1,0,0,1,0.9746397126309831,6,0-18
184,1,2,"Becker, Master. Richard F",230136,F4,0,1,0,0,1,1.2110218651567772,3,0-18
185,1,3,"Kink-Heilmann, Miss. Luise Gretchen",315153,B96 B98,1,0,0,0,1,0.6839168353866157,2,0-18
186,0,1,"Rood, Mr. Hugh Roscoe",113767,A32,0,1,0,0,1,1.552592134816381,0,18-35
187,1,3,"O'Brien, Mrs. Thomas (Johanna ""Hannah"" Godfrey)",370365,B96 B98,1,0,0,1,0,0.4813035617930781,1,18-35
188,1,1,"Romaine, Mr. Charles Hallace (""Mr C Rolmane"")",111428,B96 B98,0,1,0,0,1,0.8244264235874983,0,35-50
189,0,3,"Bourke, Mr. John",364849,B96 B98,0,1,0,1,0,0.4813035617930781,2,35-50
190,0,3,"Turcin, Mr. Stjepan",349247,B96 B98,0,1,0,0,1,0.24517913956166362,0,35-50
191,1,2,"Pinsky, Mrs. (Rosa)",234604,B96 B98,1,0,0,0,1,0.40367395505225906,0,18-35
192,0,2,"Carbines, Mr. William",28424,B96 B98,0,1,0,0,1,0.40367395505225906,0,18-35
193,1,3,"Andersen-Jensen, Miss. Carla Christine Nielsine",350046,B96 B98,1,0,0,0,1,0.24388738290549636,1,18-35
194,1,2,"Navratil, Master. Michel M",230080,F2,0,1,0,0,1,0.8073479101045181,2,0-18
195,1,1,"Brown, Mrs. James Joseph (Margaret Tobin)",PC 17610,B4,1,0,1,0,0,0.8607819210163586,0,35-50
196,1,1,"Lurette, Miss. Elise",PC 17569,B80,1,0,1,0,0,4.54974083334008,0,50+
197,0,3,"Mernagh, Mr. Robert",368703,B96 B98,0,1,0,1,0,0.24065178089653905,0,18-35
198,0,3,"Olsen, Mr. Karl Siegwart Andreas",4579,B96 B98,0,1,0,0,1,0.26096589638847656,1,35-50
199,1,3,"Madigan, Miss. Margaret ""Maggie""",370370,B96 B98,1,0,0,1,0,0.24065178089653905,0,18-35
200,0,2,"Yrois, Miss. Henriette (""Mrs Harbeck"")",248747,B96 B98,1,0,0,0,1,0.40367395505225906,0,18-35
201,0,3,"Vande Walle, Mr. Nestor Cyriel",345770,B96 B98,0,1,0,0,1,0.29499250561511237,0,18-35
202,0,3,"Sage, Mr. Frederick",CA. 2343,B96 B98,0,1,0,0,1,2.159655659529586,10,18-35
203,0,3,"Johanson, Mr. Jakob Alfred",3101264,B96 B98,0,1,0,0,1,0.20170655978680493,0,18-35
204,0,3,"Youseff, Mr. Gerious",2628,B96 B98,0,1,1,0,0,0.22434956348096705,0,35-50
205,1,3,"Cohen, Mr. Gurshon ""Gus""",A/5 3540,B96 B98,0,1,0,0,1,0.24996733370543736,0,0-18
206,0,3,"Strom, Miss. Telma Matilda",347054,G6,1,0,0,0,1,0.3248799042103277,1,0-18
207,0,3,"Backstrom, Mr. Karl Alfred",3101278,B96 B98,0,1,0,0,1,0.4921717067367927,1,18-35
208,1,3,"Albimona, Mr. Nassef Cassem",2699,B96 B98,0,1,1,0,0,0.5833864946572552,0,18-35
209,1,3,"Carr, Miss. Helen ""Ellen""",367231,B96 B98,1,0,0,1,0,0.24065178089653905,0,0-18
210,1,1,"Blank, Mr. Henry",112277,A31,0,1,1,0,0,0.9626071235861562,0,35-50
211,0,3,"Ali, Mr. Ahmed",SOTON/O.Q. 3101311,B96 B98,0,1,0,0,1,0.2189154910091097,0,18-35
212,1,2,"Cameron, Miss. Clear Annie",F.C.C. 13528,B96 B98,1,0,0,0,1,0.6520886966228799,0,18-35
213,0,3,"Perkin, Mr. John Henry",A/5 21174,B96 B98,0,1,0,0,1,0.22512585954837525,0,18-35
214,0,2,"Givard, Mr. Hans Kristensen",250646,B96 B98,0,1,0,0,1,0.40367395505225906,0,18-35
215,0,3,"Kiernan, Mr. Philip",367229,B96 B98,0,1,0,1,0,0.24065178089653905,1,18-35
216,1,1,"Newell, Miss. Madeleine",35273,D36,1,0,1,0,0,3.517397481426511,1,18-35
217,1,3,"Honkanen, Miss. Eliina",STON/O2. 3101283,B96 B98,1,0,0,0,1,0.24608585336839636,0,18-35
218,0,2,"Jacobsohn, Mr. Sidney Samuel",243847,B96 B98,0,1,0,0,1,0.8383997528008457,1,35-50
219,1,1,"Bazzani, Miss. Albina",11813,D15,1,0,1,0,0,2.368997867435418,0,18-35
220,0,2,"Harris, Mr. Walter",W/C 14208,B96 B98,0,1,0,0,1,0.32604434831143997,0,18-35
221,1,3,"Sunderland, Mr. Victor Francis",SOTON/OQ 392089,B96 B98,0,1,0,0,1,0.24996733370543736,0,0-18
222,0,2,"Bracken, Mr. James H",220367,B96 B98,0,1,0,0,1,0.40367395505225906,0,18-35
223,0,3,"Green, Mr. George Henry",21440,B96 B98,0,1,0,0,1,0.24996733370543736,0,50+
224,0,3,"Nenkoff, Mr. Christo",349234,B96 B98,0,1,0,0,1,0.24517913956166362,0,18-35
225,1,1,"Hoyt, Mr. Frederick Maxfield",19943,C93,0,1,0,0,1,2.7946658426694855,1,35-50
226,0,3,"Berglund, Mr. Karl Ivar Sven",PP 4348,B96 B98,0,1,0,0,1,0.2903347292106632,0,18-35
227,1,2,"Mellors, Mr. William John",SW/PP 751,B96 B98,0,1,0,0,1,0.32604434831143997,0,18-35
228,0,3,"Lovell, Mr. John Hall (""Henry"")",A/5 21173,B96 B98,0,1,0,0,1,0.22512585954837525,0,18-35
229,0,2,"Fahlstrom, Mr. Arne Jonas",236171,B96 B98,0,1,0,0,1,0.40367395505225906,0,0-18
230,0,3,"Lefebre, Miss. Mathilde",4133,B96 B98,1,0,0,0,1,0.7907879623945665,4,18-35
231,1,1,"Harris, Mrs. Henry Birkhardt (Irene Wallach)",36973,C83,1,0,0,0,1,2.592052569075948,1,18-35
232,0,3,"Larsson, Mr. Bengt Edvin",347067,B96 B98,0,1,0,0,1,0.24142807696394725,0,18-35
233,0,2,"Sjostedt, Mr. Ernst Adolf",237442,B96 B98,0,1,0,0,1,0.41919987640042283,0,50+
234,1,3,"Asplund, Miss. Lillian Gertrud",347077,B96 B98,1,0,0,0,1,0.9746397126309831,6,0-18
235,0,2,"Leyson, Mr. Robert William Norman",C.A. 29566,B96 B98,0,1,0,0,1,0.32604434831143997,0,18-35
236,0,3,"Harknett, Miss. Alice Phoebe",W./C. 6609,B96 B98,1,0,0,0,1,0.2344414123572735,0,18-35
237,0,2,"Hold, Mr. Stephen",26707,B96 B98,0,1,0,0,1,0.8073479101045181,1,35-50
238,1,2,"Collyer, Miss. Marjorie ""Lottie""",C.A. 31921,B96 B98,1,0,0,0,1,0.8151108707786,2,0-18
239,0,2,"Pengelly, Mr. Frederick William",28665,B96 B98,0,1,0,0,1,0.32604434831143997,0,18-35
240,0,2,"Hunt, Mr. George Henry",SCO/W 1585,B96 B98,0,1,0,0,1,0.38116136909742154,0,18-35
241,0,3,"Zabour, Miss. Thamine",2665,B96 B98,1,0,1,0,0,0.4488295447012587,1,18-35
242,1,3,"Murphy, Miss. Katherine ""Kate""",367230,B96 B98,1,0,0,1,0,0.4813035617930781,1,18-35
243,0,2,"Coleridge, Mr. Reginald Charles",W./C. 14263,B96 B98,0,1,0,0,1,0.32604434831143997,0,18-35
244,0,3,"Maenpaa, Mr. Matti Alexanteri",STON/O 2. 3101275,B96 B98,0,1,0,0,1,0.22124437921133427,0,18-35
245,0,3,"Attalah, Mr. Sleiman",2694,B96 B98,0,1,1,0,0,0.22434956348096705,0,18-35
246,0,1,"Minahan, Dr. William Edward",19928,C78,0,1,0,1,0,2.7946658426694855,2,35-50
247,0,3,"Lindahl, Miss. Agda Thorilda Viktoria",347071,B96 B98,1,0,0,0,1,0.24142807696394725,0,18-35
248,1,2,"Hamalainen, Mrs. William (Anna)",250649,B96 B98,1,0,0,0,1,0.4502517190967505,2,18-35
249,1,1,"Beckwith, Mr. Richard Leonard",11751,D35,0,1,0,0,1,1.631904751431341,2,35-50
250,0,2,"Carter, Rev. Ernest Courtenay",244252,B96 B98,0,1,0,0,1,0.8073479101045181,1,50+
251,0,3,"Reed, Mr. James George",362316,B96 B98,0,1,0,0,1,0.22512585954837525,0,18-35
252,0,3,"Strom, Mrs. Wilhelm (Elna Matilda Persson)",347054,G6,1,0,0,0,1,0.3248799042103277,2,18-35
253,0,1,"Stead, Mr. William Thomas",113514,C87,0,1,0,0,1,0.8244264235874983,0,50+
254,0,3,"Lobb, Mr. William Arthur",A/5. 3336,B96 B98,0,1,0,0,1,0.4999346674108747,1,18-35
255,0,3,"Rosblom, Mrs. Viktor (Helena Wilhelmina)",370129,B96 B98,1,0,0,0,1,0.6276353704995219,2,35-50
256,1,3,"Touma, Mrs. Darwis (Hanne Youssef Razi)",2650,B96 B98,1,0,1,0,0,0.47341018337967156,2,18-35
257,1,1,"Thorne, Mrs. Gertrude Maybelle",PC 17585,B96 B98,1,0,1,0,0,2.4593059415491476,0,18-35
258,1,1,"Cherry, Miss. Gladys",110152,B77,1,0,0,0,1,2.685984393232339,0,18-35
259,1,1,"Ward, Miss. Anna",PC 17755,B96 B98,1,0,1,0,0,15.908765727135373,0,18-35
260,1,2,"Parrish, Mrs. (Lutie Davis)",230433,B96 B98,1,0,0,0,1,0.8073479101045181,1,35-50
261,0,3,"Smith, Mr. Thomas",384461,B96 B98,0,1,0,1,0,0.24065178089653905,0,18-35
262,1,3,"Asplund, Master. Edvin Rojj Felix",347077,B96 B98,0,1,0,0,1,0.9746397126309831,6,0-18
263,0,1,"Taussig, Mr. Emil",110413,E67,0,1,0,0,1,2.473279270762495,2,50+
264,0,1,"Harrison, Mr. William",112059,B94,0,1,0,0,1,0.0,0,35-50
265,0,3,"Henry, Miss. Delia",382649,B96 B98,1,0,0,1,0,0.24065178089653905,0,18-35
266,0,2,"Reeves, Mr. David",C.A. 17248,B96 B98,0,1,0,0,1,0.32604434831143997,0,35-50
267,0,3,"Panula, Mr. Ernesti Arvid",3101295,B96 B98,0,1,0,0,1,1.2323700070105024,5,0-18
268,1,3,"Persson, Mr. Ernst Ulrik",347083,B96 B98,0,1,0,0,1,0.24142807696394725,1,18-35
269,1,1,"Graham, Mrs. William Thompson (Edith Junkins)",PC 17582,C125,1,0,0,0,1,4.765293409785177,1,50+
270,1,1,"Bissette, Miss. Amelia",PC 17760,C99,1,0,0,0,1,4.211663895983812,0,18-35
271,0,1,"Cairns, Mr. Alexander",113798,B96 B98,0,1,0,0,1,0.9626071235861562,0,18-35
272,1,3,"Tornquist, Mr. William Henry",LINE,B96 B98,0,1,0,0,1,0.0,0,18-35
273,1,2,"Mellinger, Mrs. (Elizabeth Anne Maidment)",250644,B96 B98,1,0,0,0,1,0.6055109325783886,1,35-50
274,0,1,"Natsch, Mr. Charles H",PC 17596,C118,0,1,1,0,0,0.9222397280809302,1,35-50
275,1,3,"Healy, Miss. Hanora ""Nora""",370375,B96 B98,1,0,0,1,0,0.24065178089653905,0,18-35
276,1,1,"Andrews, Miss. Kornelia Theodosia",13502,D7,1,0,0,0,1,2.420748868473117,1,50+
277,0,3,"Lindblom, Miss. Augusta Charlotta",347073,B96 B98,1,0,0,0,1,0.24065178089653905,0,35-50
278,0,2,"Parkes, Mr. Francis ""Frank""",239853,B96 B98,0,1,0,0,1,0.0,0,18-35
279,0,3,"Rice, Master. Eric",382652,B96 B98,0,1,0,1,0,0.9043849185305419,5,0-18
280,1,3,"Abbott, Mrs. Stanton (Rosa Hunt)",C.A. 2673,B96 B98,1,0,0,0,1,0.6287998146006343,2,18-35
281,0,3,"Duane, Mr. Frank",336439,B96 B98,0,1,0,1,0,0.24065178089653905,0,50+
282,0,3,"Olsson, Mr. Nils Johan Goransson",347464,B96 B98,0,1,0,0,1,0.24388738290549636,0,18-35
283,0,3,"de Pelsmaeker, Mr. Alfons",345778,B96 B98,0,1,0,0,1,0.29499250561511237,0,0-18
284,1,3,"Dorking, Mr. Edward Arthur",A/5. 10482,B96 B98,0,1,0,0,1,0.24996733370543736,0,18-35
285,0,1,"Smith, Mr. Richard William",113056,A19,0,1,0,0,1,0.8073479101045181,0,18-35
286,0,3,"Stankovic, Mr. Ivan",349239,B96 B98,0,1,1,0,0,0.268986587356938,0,18-35
287,1,3,"de Mulder, Mr. Theodore",345774,B96 B98,0,1,0,0,1,0.29499250561511237,0,18-35
288,0,3,"Naidenoff, Mr. Penko",349206,B96 B98,0,1,0,0,1,0.24517913956166362,0,18-35
289,1,2,"Hosono, Mr. Masabumi",237798,B96 B98,0,1,0,0,1,0.40367395505225906,0,35-50
290,1,3,"Connolly, Miss. Kate",370373,B96 B98,1,0,0,1,0,0.24065178089653905,0,18-35
291,1,1,"Barber, Miss. Ellen ""Nellie""",19877,B96 B98,1,0,0,0,1,2.4484377966054325,0,18-35
292,1,1,"Bishop, Mrs. Dickinson H (Helen Walton)",11967,B49,1,0,1,0,0,2.8281769913073624,1,18-35
293,0,2,"Levy, Mr. Rene Jacques",SC/Paris 2163,D,0,1,1,0,0,0.3997924747152181,0,35-50
294,0,3,"Haas, Miss. Aloisia",349236,B96 B98,1,0,0,0,1,0.2748088078624994,0,18-35
295,0,3,"Mineff, Mr. Ivan",349233,B96 B98,0,1,0,0,1,0.24517913956166362,0,18-35
296,0,1,"Lewy, Mr. Ervin G",PC 17612,B96 B98,0,1,1,0,0,0.8607819210163586,0,18-35
297,0,3,"Hanna, Mr. Mansour",2693,B96 B98,0,1,1,0,0,0.2244799812202916,0,18-35
298,0,1,"Allison, Miss. Helen Loraine",113781,C22 C26,1,0,0,0,1,4.705906760628451,3,0-18
299,1,1,"Saalfeld, Mr. Adolphe",19988,C106,0,1,0,0,1,0.9470812022379924,0,18-35
300,1,1,"Baxter, Mrs. James (Helene DeLaudeniere Chaput)",PC 17558,B58 B60,1,0,1,0,0,7.68597694566917,1,35-50
301,1,3,"Kelly, Miss. Anna Katherine ""Annie Kate""",9234,B96 B98,1,0,0,1,0,0.24065178089653905,0,18-35
302,1,3,"McCoy, Mr. Bernard",367226,B96 B98,0,1,0,1,0,0.7219553426896171,2,18-35
303,0,3,"Johnson, Mr. William Cahoone Jr",LINE,B96 B98,0,1,0,0,1,0.0,0,18-35
304,1,2,"Keane, Miss. Nora A",226593,E101,1,0,0,1,0,0.3834902572996461,0,18-35
305,0,3,"Williams, Mr. Howard Hugh ""Harry""",A/5 2466,B96 B98,0,1,0,0,1,0.24996733370543736,0,18-35
306,1,1,"Allison, Master. Hudson Trevor",113781,C22 C26,0,1,0,0,1,4.705906760628451,3,0-18
307,1,1,"Fleming, Miss. Margaret",17421,B96 B98,1,0,1,0,0,3.4431307892497043,0,18-35
308,1,1,"Penasco y Castellana, Mrs. Victor de Satode (Maria Josefa Perez de Soto y Vallejo)",PC 17758,C65,1,0,1,0,0,3.3815456696300776,1,0-18
309,0,2,"Abelson, Mr. Samuel",P/PP 3381,B96 B98,0,1,1,0,0,0.7452442247118628,1,18-35
310,1,1,"Francatelli, Miss. Laura Mabel",PC 17485,E36,1,0,1,0,0,1.7677565632277743,0,18-35
311,1,1,"Hays, Miss. Margaret Bechstein",11767,C54,1,0,1,0,0,2.582218450494021,0,18-35
312,1,1,"Ryerson, Miss. Emily Borie",PC 17608,B57 B59 B63 B66,1,0,1,0,0,8.147227227448958,4,0-18
313,0,2,"Lahtinen, Mrs. William (Anna Sylfven)",250651,B96 B98,1,0,0,0,1,0.8073479101045181,2,18-35
314,0,3,"Hendekovic, Mr. Ignjac",349243,B96 B98,0,1,0,0,1,0.24517913956166362,0,18-35
315,0,2,"Hart, Mr. Benjamin",F.C.C. 13529,B96 B98,0,1,0,0,1,0.8151108707786,2,35-50
316,1,3,"Nilsson, Miss. Helmina Josefina",347470,B96 B98,1,0,0,0,1,0.24388738290549636,0,18-35
317,1,2,"Kantor, Mrs. Sinai (Miriam Sternin)",244367,B96 B98,1,0,0,0,1,0.8073479101045181,1,18-35
318,0,2,"Moraweck, Dr. Ernest",29011,B96 B98,0,1,0,0,1,0.43472579774858666,0,50+
319,1,1,"Wick, Miss. Mary Natalie",36928,C7,1,0,0,0,1,5.119414834262637,2,18-35
320,1,1,"Spedden, Mrs. Frederic Oakley (Margaretta Corning Stone)",16966,E34,1,0,1,0,0,4.176472842656064,2,35-50
321,0,3,"Dennis, Mr. Samuel",A/5 21172,B96 B98,0,1,0,0,1,0.22512585954837525,0,18-35
322,0,3,"Danoff, Mr. Yoto",349219,B96 B98,0,1,0,0,1,0.24517913956166362,0,18-35
323,1,2,"Slayter, Miss. Hilda Mary",234818,B96 B98,1,0,0,1,0,0.3834902572996461,0,18-35
324,1,2,"Caldwell, Mrs. Albert Francis (Sylvia Mae Harbaugh)",248738,B96 B98,1,0,0,0,1,0.900503438193501,2,18-35
325,0,3,"Sage, Mr. George John Jr",CA. 2343,B96 B98,0,1,0,0,1,2.159655659529586,10,18-35
326,1,1,"Young, Miss. Marie Grice",PC 17760,C32,1,0,1,0,0,4.211663895983812,0,35-50
327,0,3,"Nysveen, Mr. Johan Hansen",345364,B96 B98,0,1,0,0,1,0.19368586881834352,0,50+
328,1,2,"Ball, Mrs. (Ada E Hall)",28551,D,1,0,0,0,1,0.40367395505225906,0,35-50
329,1,3,"Goldsmith, Mrs. Frank John (Emily Alice Brown)",363291,B96 B98,1,0,0,0,1,0.6373390713421243,2,18-35
330,1,1,"Hippach, Miss. Jean Gertrude",111361,B18,1,0,1,0,0,1.8003609980589181,1,0-18
331,1,3,"McCoy, Miss. Agnes",367226,B96 B98,1,0,0,1,0,0.7219553426896171,2,18-35
332,0,1,"Partner, Mr. Austen",113043,C124,0,1,0,0,1,0.8849775168453371,0,35-50
333,0,1,"Graham, Mr. George Edward",PC 17582,C91,0,1,0,0,1,4.765293409785177,1,35-50
334,0,3,"Vander Planke, Mr. Leo Edmondus",345764,B96 B98,0,1,0,0,1,0.5589331685338972,2,0-18
335,1,1,"Frauenthal, Mrs. Henry William (Clara Heinsheimer)",PC 17611,B96 B98,1,0,0,0,1,4.150078776364186,1,18-35
336,0,3,"Denkoff, Mr. Mitto",349225,B96 B98,0,1,0,0,1,0.24517913956166362,0,18-35
337,0,1,"Pears, Mr. Thomas Clinton",113776,C2,0,1,0,0,1,2.0680527235754194,1,18-35
338,1,1,"Burns, Miss. Elizabeth Margaret",16966,E40,1,0,1,0,0,4.176472842656064,0,35-50
339,1,3,"Dahl, Mr. Karl Edwart",7598,B96 B98,0,1,0,0,1,0.24996733370543736,0,35-50
340,0,1,"Blackwell, Mr. Stephen Weart",113784,T,0,1,0,0,1,1.1023404157196304,0,35-50
341,1,2,"Navratil, Master. Edmond Roger",230080,F2,0,1,0,0,1,0.8073479101045181,2,0-18
342,1,1,"Fortune, Miss. Alice Elizabeth",19950,C23 C25 C27,1,0,0,0,1,8.166634629134164,5,18-35
343,0,2,"Collander, Mr. Erik Gustaf",248740,B96 B98,0,1,0,0,1,0.40367395505225906,0,18-35
344,0,2,"Sedgwick, Mr. Charles Frederick Waddington",244361,B96 B98,0,1,0,0,1,0.40367395505225906,0,18-35
345,0,2,"Fox, Mr. Stanley Hubert",229236,B96 B98,0,1,0,0,1,0.40367395505225906,0,35-50
346,1,2,"Brown, Miss. Amelia ""Mildred""",248733,F33,1,0,0,0,1,0.40367395505225906,0,18-35
347,1,2,"Smith, Miss. Marion Elsie",31418,B96 B98,1,0,0,0,1,0.40367395505225906,0,35-50
348,1,3,"Davison, Mrs. Thomas Henry (Mary E Finck)",386525,B96 B98,1,0,0,0,1,0.4999346674108747,1,18-35
349,1,3,"Coutts, Master. William Loch ""William""",C.A. 37671,B96 B98,0,1,0,0,1,0.4937242988716091,2,0-18
350,0,3,"Dimic, Mr. Jovan",315088,B96 B98,0,1,0,0,1,0.268986587356938,0,35-50
351,0,3,"Odahl, Mr. Nils Martin",7267,B96 B98,0,1,0,0,1,0.2864532488736223,0,18-35
352,0,1,"Williams-Lambert, Mr. Fletcher Fellows",113510,C128,0,1,0,0,1,1.0868144943714666,0,18-35
353,0,3,"Elias, Mr. Tannous",2695,B96 B98,0,1,1,0,0,0.2244799812202916,2,0-18
354,0,3,"Arnold-Franchi, Mr. Josef",349237,B96 B98,0,1,0,0,1,0.5527227999946316,1,18-35
355,0,3,"Yousif, Mr. Wazli",2647,B96 B98,0,1,1,0,0,0.22434956348096705,0,18-35
356,0,3,"Vanden Steen, Mr. Leo Peter",345783,B96 B98,0,1,0,0,1,0.29499250561511237,0,18-35
357,1,1,"Bowerman, Miss. Elsie Edith",113505,E33,1,0,0,0,1,1.707851348298019,1,18-35
358,0,2,"Funk, Miss. Annie Clemmer",237671,B96 B98,1,0,0,0,1,0.40367395505225906,0,35-50
359,1,3,"McGovern, Miss. Mary",330931,B96 B98,1,0,0,1,0,0.24466367897290456,0,18-35
360,1,3,"Mockler, Miss. Helen Mary ""Ellie""",330980,B96 B98,1,0,0,1,0,0.24466367897290456,0,18-35
361,0,3,"Skoog, Mr. Wilhelm",347088,B96 B98,0,1,0,0,1,0.8663464112275405,5,35-50
362,0,2,"del Carlo, Mr. Sebastiano",SC/PARIS 2167,B96 B98,0,1,1,0,0,0.8607819210163586,1,18-35
363,0,3,"Barbara, Mrs. (Catherine David)",2691,B96 B98,1,0,1,0,0,0.4488295447012587,1,35-50
364,0,3,"Asim, Mr. Adola",SOTON/O.Q. 3101310,B96 B98,0,1,0,0,1,0.2189154910091097,0,18-35
365,0,3,"O'Brien, Mr. Thomas",370365,B96 B98,0,1,0,1,0,0.4813035617930781,1,18-35
366,0,3,"Adahl, Mr. Mauritz Nils Martin",C 7076,B96 B98,0,1,0,0,1,0.22512585954837525,0,18-35
367,1,1,"Warren, Mrs. Frank Manley (Anna Sophia Atkinson)",110813,D37,1,0,1,0,0,2.3366511628986535,1,50+
368,1,3,"Moussa, Mrs. (Mantoura Boulos)",2626,B96 B98,1,0,1,0,0,0.2244799812202916,0,18-35
369,1,3,"Jermyn, Miss. Annie",14313,B96 B98,1,0,0,1,0,0.24065178089653905,0,18-35
370,1,1,"Aubart, Mme. Leontine Pauline",PC 17477,B35,1,0,1,0,0,2.151892698855504,0,18-35
371,1,1,"Harder, Mr. George Achilles",11765,E50,0,1,1,0,0,1.7215669472169868,1,18-35
372,0,3,"Wiklund, Mr. Jakob Alfred",3101267,B96 B98,0,1,0,0,1,0.20170655978680493,1,0-18
373,0,3,"Beavan, Mr. William Thomas",323951,B96 B98,0,1,0,0,1,0.24996733370543736,0,18-35
374,0,1,"Ringhini, Mr. Sante",PC 17760,B96 B98,0,1,1,0,0,4.211663895983812,0,18-35
375,0,3,"Palsson, Miss. Stina Viola",349909,B96 B98,1,0,0,0,1,0.6544175848251046,4,0-18
376,1,1,"Meyer, Mrs. Edgar Joseph (Leila Saks)",PC 17604,B96 B98,1,0,1,0,0,2.5515547558313973,1,18-35
377,1,3,"Landergren, Miss. Aurora Adelia",C 7077,B96 B98,1,0,0,0,1,0.22512585954837525,0,18-35
378,0,1,"Widener, Mr. Harry Elkins",113503,C82,0,1,1,0,0,6.567464730273291,2,18-35
379,0,3,"Betros, Mr. Tannous",2648,B96 B98,0,1,1,0,0,0.12459551881901458,0,18-35
380,0,3,"Gustafsson, Mr. Karl Gideon",347069,B96 B98,0,1,0,0,1,0.24142807696394725,0,18-35
381,1,1,"Bidois, Miss. Rosalie",PC 17757,B96 B98,1,0,1,0,0,7.0650705094819415,0,35-50
382,1,3,"Nakid, Miss. Maria (""Mary"")",2653,B96 B98,1,0,1,0,0,0.48880879217278045,2,0-18
383,0,3,"Tikkanen, Mr. Juho",STON/O 2. 3101293,B96 B98,0,1,0,0,1,0.24608585336839636,0,18-35
384,1,1,"Holverson, Mrs. Alexander Oskar (Mary Aline Towner)",113789,B96 B98,1,0,0,0,1,1.6146958202090362,1,18-35
385,0,3,"Plotcharsky, Mr. Vasil",349227,B96 B98,0,1,0,0,1,0.24517913956166362,0,18-35
386,0,2,"Davies, Mr. Charles Henry",S.O.C. 14879,B96 B98,0,1,0,0,1,2.28231043818008,0,0-18
387,0,3,"Goodwin, Master. Sidney Leonard",CA 2144,B96 B98,0,1,0,0,1,1.4563314224577653,7,0-18
388,1,2,"Buss, Miss. Kate",27849,B96 B98,1,0,0,0,1,0.40367395505225906,0,35-50
389,0,3,"Sadlier, Mr. Matthew",367655,B96 B98,0,1,0,1,0,0.24000590256845541,0,18-35
390,1,2,"Lehmann, Miss. Bertha",SC 1748,B96 B98,1,0,1,0,0,0.3726221123559314,0,0-18
391,1,1,"Carter, Mr. William Ernest",113760,B96 B98,0,1,0,0,1,3.726221123559314,3,35-50
392,1,3,"Jansson, Mr. Carl Olof",350034,B96 B98,0,1,0,0,1,0.24207395529203085,0,18-35
393,0,3,"Gustafsson, Mr. Johan Birger",3101277,B96 B98,0,1,0,0,1,0.24608585336839636,2,18-35
394,1,1,"Newell, Miss. Marjorie",35273,D36,1,0,1,0,0,3.517397481426511,1,18-35
395,1,3,"Sandstrom, Mrs. Hjalmar (Agnes Charlotta Bengtsson)",PP 9549,G6,1,0,0,0,1,0.5185657730286712,2,18-35
396,0,3,"Johansson, Mr. Erik",350052,B96 B98,0,1,0,0,1,0.24207395529203085,0,18-35
397,0,3,"Olsson, Miss. Elina",350407,B96 B98,1,0,0,0,1,0.24388738290549636,0,18-35
398,0,2,"McKane, Mr. Peter David",28403,B96 B98,0,1,0,0,1,0.8073479101045181,0,35-50
399,0,2,"Pain, Dr. Alfred",244278,B96 B98,0,1,0,0,1,0.32604434831143997,0,18-35
400,1,2,"Trout, Mrs. William H (Jessie L)",240929,B96 B98,1,0,0,0,1,0.3928058101085444,0,18-35
401,1,3,"Niskanen, Mr. Juha",STON/O 2. 3101289,B96 B98,0,1,0,0,1,0.24608585336839636,0,35-50
402,0,3,"Adams, Mr. John",341826,B96 B98,0,1,0,0,1,0.24996733370543736,0,18-35
403,0,3,"Jussila, Miss. Mari Aina",4137,B96 B98,1,0,0,0,1,0.30508435449141885,1,18-35
404,0,3,"Hakkarainen, Mr. Pekka Pietari",STON/O2. 3101279,B96 B98,0,1,0,0,1,0.4921717067367927,1,18-35
405,0,3,"Oreskovic, Miss. Marija",315096,B96 B98,1,0,0,0,1,0.268986587356938,0,18-35
406,0,2,"Gale, Mr. Shadrach",28664,B96 B98,0,1,0,0,1,0.6520886966228799,1,18-35
407,0,3,"Widegren, Mr. Carl/Charles Peter",347064,B96 B98,0,1,0,0,1,0.24065178089653905,0,50+
408,1,2,"Richards, Master. William Rowe",29106,B96 B98,0,1,0,0,1,0.5822220505561428,2,0-18
409,0,3,"Birkeland, Mr. Hans Martin Monsen",312992,B96 B98,0,1,0,0,1,0.24142807696394725,0,18-35
410,0,3,"Lefebre, Miss. Ida",4133,B96 B98,1,0,0,0,1,0.7907879623945665,4,18-35
411,0,3,"Sdycoff, Mr. Todor",349222,B96 B98,0,1,0,0,1,0.24517913956166362,0,18-35
412,0,3,"Hart, Mr. Henry",394140,B96 B98,0,1,0,1,0,0.2129628527642237,0,18-35
413,1,1,"Minahan, Miss. Daisy E",19928,C78,1,0,0,1,0,2.7946658426694855,1,18-35
414,0,2,"Cunningham, Mr. Alfred Fleming",239853,B96 B98,0,1,0,0,1,0.0,0,18-35
415,1,3,"Sundman, Mr. Johan Julian",STON/O 2. 3101269,B96 B98,0,1,0,0,1,0.24608585336839636,0,35-50
416,0,3,"Meek, Mrs. Thomas (Annie Louise Rowley)",343095,B96 B98,1,0,0,0,1,0.24996733370543736,0,18-35
417,1,2,"Drew, Mrs. James Vivian (Lulu Thorne Christian)",28220,B96 B98,1,0,0,0,1,1.0091848876306475,2,18-35
418,1,2,"Silven, Miss. Lyyli Karoliina",250652,B96 B98,1,0,0,0,1,0.40367395505225906,2,0-18
419,0,2,"Matthews, Mr. William John",28228,B96 B98,0,1,0,0,1,0.40367395505225906,0,18-35
420,0,3,"Van Impe, Miss. Catharina",345773,B96 B98,1,0,0,0,1,0.7499020011163119,2,0-18
421,0,3,"Gheorgheff, Mr. Stanio",349254,B96 B98,0,1,1,0,0,0.24517913956166362,0,18-35
422,0,3,"Charters, Mr. David",A/5. 13032,B96 B98,0,1,0,1,0,0.24013321512351038,0,18-35
423,0,3,"Zimmerman, Mr. Leo",315082,B96 B98,0,1,0,0,1,0.24453326123358,0,18-35
424,0,3,"Danbom, Mrs. Ernst Gilbert (Anna Sigrid Maria Brogren)",347080,B96 B98,1,0,0,0,1,0.4471465348271177,2,18-35
425,0,3,"Rosblom, Mr. Viktor Richard",370129,B96 B98,0,1,0,0,1,0.6276353704995219,2,0-18
426,0,3,"Wiseman, Mr. Phillippe",A/4. 34244,B96 B98,0,1,0,0,1,0.22512585954837525,0,18-35
427,1,2,"Clarke, Mrs. Charles V (Ada Maria Winfield)",2003,B96 B98,1,0,0,0,1,0.8073479101045181,1,18-35
428,1,2,"Phillips, Miss. Kate Florence (""Mrs Kate Louise Phillips Marshall"")",250655,B96 B98,1,0,0,0,1,0.8073479101045181,0,18-35
429,0,3,"Flynn, Mr. James",364851,B96 B98,0,1,0,1,0,0.24065178089653905,0,18-35
430,1,3,"Pickard, Mr. Berk (Berk Trembisky)",SOTON/O.Q. 392078,E10,0,1,0,0,1,0.24996733370543736,0,18-35
431,1,1,"Bjornstrom-Steffansson, Mr. Mauritz Hakan",110564,C52,0,1,0,0,1,0.8244264235874983,0,18-35
432,1,3,"Thorneycroft, Mrs. Percival (Florence Kate White)",376564,B96 B98,1,0,0,0,1,0.4999346674108747,1,18-35
433,1,2,"Louch, Mrs. Charles Alexander (Alice Adelaide Slow)",SC/AH 3085,B96 B98,1,0,0,0,1,0.8073479101045181,1,35-50
434,0,3,"Kallio, Mr. Nikolai Erland",STON/O 2. 3101274,B96 B98,0,1,0,0,1,0.22124437921133427,0,0-18
435,0,1,"Silvey, Mr. William Baird",13507,E44,0,1,0,0,1,1.7357980067247138,1,35-50
436,1,1,"Carter, Miss. Lucile Polk",113760,B96 B98,1,0,0,0,1,3.726221123559314,3,0-18
437,0,3,"Ford, Miss. Doolina Margaret ""Daisy""",W./C. 6608,B96 B98,1,0,0,0,1,1.067407092686262,4,18-35
438,1,2,"Richards, Mrs. Sidney (Emily Hocking)",29106,B96 B98,1,0,0,0,1,0.5822220505561428,5,18-35
439,0,1,"Fortune, Mr. Mark",19950,C23 C25 C27,0,1,0,0,1,8.166634629134164,5,50+
440,0,2,"Kvillner, Mr. Johan Henrik Johannesson",C.A. 18723,B96 B98,0,1,0,0,1,0.32604434831143997,0,18-35
441,1,2,"Hart, Mrs. Benjamin (Esther Ada Bloomfield)",F.C.C. 13529,B96 B98,1,0,0,0,1,0.8151108707786,2,35-50
442,0,3,"Hampe, Mr. Leon",345769,B96 B98,0,1,0,0,1,0.29499250561511237,0,18-35
443,0,3,"Petterson, Mr. Johan Emil",347076,B96 B98,0,1,0,0,1,0.24142807696394725,1,18-35
444,1,2,"Reynaldo, Ms. Encarnacion",230434,B96 B98,1,0,0,0,1,0.40367395505225906,0,18-35
445,1,3,"Johannesen-Bratthammer, Mr. Bernt",65306,B96 B98,0,1,0,0,1,0.2519080738739578,0,18-35
446,1,1,"Dodge, Master. Washington",33638,A34,0,1,0,0,1,2.541851054988795,2,0-18
447,1,2,"Mellinger, Miss. Madeleine Violet",250644,B96 B98,1,0,0,0,1,0.6055109325783886,1,0-18
448,1,1,"Seward, Mr. Frederic Kimber",113794,B96 B98,0,1,0,0,1,0.8244264235874983,0,18-35
449,1,3,"Baclini, Miss. Marie Catherine",2666,B96 B98,1,0,1,0,0,0.5980057021986861,3,0-18
450,1,1,"Peuchen, Major. Arthur Godfrey",113786,C104,0,1,0,0,1,0.9470812022379924,0,50+
451,0,2,"West, Mr. Edwy Arthur",C.A. 34651,B96 B98,0,1,0,0,1,0.8616886348230914,3,35-50
452,0,3,"Hagland, Mr. Ingvald Olai Olsen",65303,B96 B98,0,1,0,0,1,0.6200028275647647,1,18-35
453,0,1,"Foreman, Mr. Benjamin Laventall",113051,C111,0,1,1,0,0,0.8616886348230914,0,18-35
454,1,1,"Goldenberg, Mr. Samuel L",17453,C92,0,1,1,0,0,2.7668496019821154,1,35-50
455,0,3,"Peduzzi, Mr. Joseph",A/5 2817,B96 B98,0,1,0,0,1,0.24996733370543736,0,18-35
456,1,3,"Jalsevac, Mr. Ivan",349240,B96 B98,0,1,1,0,0,0.24517913956166362,0,18-35
457,0,1,"Millet, Mr. Francis Davis",13509,E38,0,1,0,0,1,0.8244264235874983,0,50+
458,1,1,"Kenyon, Mrs. Frederick R (Marion)",17464,D21,1,0,0,0,1,1.610426191838291,1,18-35
459,1,2,"Toomey, Miss. Ellen",F.C.C. 13531,B96 B98,1,0,0,0,1,0.32604434831143997,0,35-50
460,0,3,"O'Connor, Mr. Maurice",371060,B96 B98,0,1,0,1,0,0.24065178089653905,0,18-35
461,1,1,"Anderson, Mr. Harry",19952,E12,0,1,0,0,1,0.8244264235874983,0,35-50
462,0,3,"Morley, Mr. William",364506,B96 B98,0,1,0,0,1,0.24996733370543736,0,18-35
463,0,1,"Gee, Mr. Arthur H",111320,E63,0,1,0,0,1,1.1954959438086132,0,35-50
464,0,2,"Milling, Mr. Jacob Christian",234360,B96 B98,0,1,0,0,1,0.40367395505225906,0,35-50
465,0,3,"Maisner, Mr. Simon",A/S 2816,B96 B98,0,1,0,0,1,0.24996733370543736,0,18-35
466,0,3,"Goncalves, Mr. Manuel Estanslas",SOTON/O.Q. 3101306,B96 B98,0,1,0,0,1,0.2189154910091097,0,35-50
467,0,2,"Campbell, Mr. William",239853,B96 B98,0,1,0,0,1,0.0,0,18-35
468,0,1,"Smart, Mr. John Montgomery",113792,B96 B98,0,1,0,0,1,0.8244264235874983,0,50+
469,0,3,"Scanlan, Mr. James",36209,B96 B98,0,1,0,1,0,0.23987548482913085,0,18-35
470,1,3,"Baclini, Miss. Helene Barbara",2666,B96 B98,1,0,1,0,0,0.5980057021986861,3,0-18
471,0,3,"Keefe, Mr. Arthur",323592,B96 B98,0,1,0,0,1,0.22512585954837525,0,18-35
472,0,3,"Cacic, Mr. Luka",315089,B96 B98,0,1,0,0,1,0.268986587356938,0,35-50
473,1,2,"West, Mrs. Edwy Arthur (Ada Mary Worth)",C.A. 34651,B96 B98,1,0,0,0,1,0.8616886348230914,3,18-35
474,1,2,"Jerwan, Mrs. Amin S (Marie Marthe Thuillard)",SC/AH Basle 541,D,1,0,1,0,0,0.42825769891494164,0,18-35
475,0,3,"Strandberg, Miss. Ida Sofia",7553,B96 B98,1,0,0,0,1,0.305472502525123,0,18-35
476,0,1,"Clifford, Mr. George Quincy",110465,A14,0,1,0,0,1,1.6146958202090362,0,18-35
477,0,2,"Renouf, Mr. Peter Henry",31027,B96 B98,0,1,0,0,1,0.6520886966228799,1,18-35
478,0,3,"Braund, Mr. Lewis Richard",3460,B96 B98,0,1,0,0,1,0.21878507326978514,1,18-35
479,0,3,"Karlsson, Mr. Nils August",350060,B96 B98,0,1,0,0,1,0.23353469855054076,0,18-35
480,1,3,"Hirvonen, Miss. Hildur E",3101298,B96 B98,1,0,0,0,1,0.3815495171311256,1,0-18
481,0,3,"Goodwin, Master. Harold Victor",CA 2144,B96 B98,0,1,0,0,1,1.4563314224577653,7,0-18
482,0,2,"Frost, Mr. Anthony Wood ""Archie""",239854,B96 B98,0,1,0,0,1,0.0,0,18-35
483,0,3,"Rouse, Mr. Richard Henry",A/5 3594,B96 B98,0,1,0,0,1,0.24996733370543736,0,35-50
484,1,3,"Turkula, Mrs. (Hedwig)",4134,B96 B98,1,0,0,0,1,0.29770954185104104,0,50+
485,1,1,"Bishop, Mr. Dickinson H",11967,B49,0,1,1,0,0,2.8281769913073624,1,18-35
486,0,3,"Lefebre, Miss. Jeannie",4133,B96 B98,1,0,0,0,1,0.7907879623945665,4,18-35
487,1,1,"Hoyt, Mrs. Frederick Maxfield (Jane Anne Forby)",19943,C93,1,0,0,0,1,2.7946658426694855,1,18-35
488,0,1,"Kent, Mr. Edward Austin",11771,B37,0,1,1,0,0,0.9222397280809302,0,50+
489,0,3,"Somerton, Mr. Francis William",A.5. 18509,B96 B98,0,1,0,0,1,0.24996733370543736,0,18-35
490,1,3,"Coutts, Master. Eden Leslie ""Neville""",C.A. 37671,B96 B98,0,1,0,0,1,0.4937242988716091,2,0-18
491,0,3,"Hagland, Mr. Konrad Mathias Reiersen",65304,B96 B98,0,1,0,0,1,0.6200028275647647,1,18-35
492,0,3,"Windelov, Mr. Einar",SOTON/OQ 3101317,B96 B98,0,1,0,0,1,0.22512585954837525,0,18-35
493,0,1,"Molson, Mr. Harry Markland",113787,C30,0,1,0,0,1,0.9470812022379924,0,50+
494,0,1,"Artagaveytia, Mr. Ramon",PC 17609,B96 B98,0,1,1,0,0,1.5371966312075416,0,50+
495,0,3,"Stanley, Mr. Edward Roland",A/4 45380,B96 B98,0,1,0,0,1,0.24996733370543736,0,18-35
496,0,3,"Yousseff, Mr. Gerious",2627,B96 B98,0,1,1,0,0,0.44895685725631357,0,18-35
497,1,1,"Eustis, Miss. Elizabeth Mussey",36947,D20,1,0,1,0,0,2.430325256760665,1,50+
498,0,3,"Shellard, Mr. Frederick William",C.A. 6212,B96 B98,0,1,0,0,1,0.468882824714547,0,18-35
499,0,1,"Allison, Mrs. Hudson J C (Bessie Waldo Daniels)",113781,C22 C26,1,0,0,0,1,4.705906760628451,3,18-35
500,0,3,"Svensson, Mr. Olof",350035,B96 B98,0,1,0,0,1,0.24207395529203085,0,18-35
501,0,3,"Calic, Mr. Petar",315086,B96 B98,0,1,0,0,1,0.268986587356938,0,0-18
502,0,3,"Canavan, Miss. Mary",364846,B96 B98,1,0,0,1,0,0.24065178089653905,0,18-35
503,0,3,"O'Sullivan, Miss. Bridget Mary",330909,B96 B98,1,0,0,1,0,0.23690071829882267,0,18-35
504,0,3,"Laitinen, Miss. Kristina Sofia",4135,B96 B98,1,0,0,0,1,0.29770954185104104,0,35-50
505,1,1,"Maioni, Miss. Roberta",110152,B79,1,0,0,0,1,2.685984393232339,0,0-18
506,0,1,"Penasco y Castellana, Mr. Victor de Satode",PC 17758,C65,0,1,1,0,0,3.3815456696300776,1,0-18
507,1,2,"Quick, Mrs. Frederick Charles (Jane Richards)",26360,B96 B98,1,0,0,0,1,0.8073479101045181,2,18-35
508,1,1,"Bradley, Mr. George (""George Arthur Brayton"")",111427,B96 B98,0,1,0,0,1,0.8244264235874983,0,18-35
509,0,3,"Olsen, Mr. Henry Margido",C 4001,B96 B98,0,1,0,0,1,0.6994427567347795,0,18-35
510,1,3,"Lang, Mr. Fang",1601,B96 B98,0,1,0,0,1,1.754298694603186,0,18-35
511,1,3,"Daly, Mr. Eugene Patrick",382651,B96 B98,0,1,0,1,0,0.24065178089653905,0,18-35
512,0,3,"Webber, Mr. James",SOTON/OQ 3101316,B96 B98,0,1,0,0,1,0.24996733370543736,0,18-35
513,1,1,"McGough, Mr. James Robert",PC 17473,E25,0,1,0,0,1,0.8162753148797123,0,35-50
514,1,1,"Rothschild, Mrs. Martin (Elizabeth L. Barrett)",PC 17603,B96 B98,1,0,1,0,0,1.8444794561618605,1,50+
515,0,3,"Coleff, Mr. Satio",349209,B96 B98,0,1,0,0,1,0.23275840248313256,0,18-35
516,0,1,"Walker, Mr. William Anderson",36967,D46,0,1,0,0,1,1.0564085300032227,0,35-50
517,1,2,"Lemore, Mrs. (Amelia Milley)",C.A. 34260,F33,1,0,0,0,1,0.32604434831143997,0,18-35
518,0,3,"Ryan, Mr. Patrick",371110,B96 B98,0,1,0,1,0,0.7499020011163119,0,18-35
519,1,2,"Angle, Mrs. William A (Florence ""Mary"" Agnes Hughes)",226875,B96 B98,1,0,0,0,1,0.8073479101045181,1,35-50
520,0,3,"Pavlovic, Mr. Stefo",349242,B96 B98,0,1,0,0,1,0.24517913956166362,0,18-35
521,1,1,"Perreault, Miss. Anne",12749,B73,1,0,0,0,1,2.9033472921066323,0,18-35
522,0,3,"Vovk, Mr. Janko",349252,B96 B98,0,1,0,0,1,0.24517913956166362,0,18-35
523,0,3,"Lahoud, Mr. Sarkis",2624,B96 B98,0,1,1,0,0,0.22434956348096705,0,18-35
524,1,1,"Hippach, Mrs. Louis Albert (Ida Sophia Fischer)",111361,B18,1,0,1,0,0,1.8003609980589181,1,35-50
525,0,3,"Kassem, Mr. Fared",2700,B96 B98,0,1,1,0,0,0.2244799812202916,0,18-35
526,0,3,"Farrell, Mr. James",367232,B96 B98,0,1,0,1,0,0.24065178089653905,0,35-50
527,1,2,"Ridsdale, Miss. Lucy",W./C. 14258,B96 B98,1,0,0,0,1,0.32604434831143997,0,35-50
528,0,1,"Farthing, Mr. John",PC 17483,C95,0,1,0,0,1,6.886652831717382,0,18-35
529,0,3,"Salonen, Mr. Johan Werner",3101296,B96 B98,0,1,0,0,1,0.24608585336839636,0,35-50
530,0,2,"Hocking, Mr. Richard George",29104,B96 B98,0,1,0,0,1,0.3570961910077676,3,18-35
531,1,2,"Quick, Miss. Phyllis May",26360,B96 B98,1,0,0,0,1,0.8073479101045181,2,0-18
532,0,3,"Toufik, Mr. Nakli",2641,B96 B98,0,1,1,0,0,0.2244799812202916,0,18-35
533,0,3,"Elias, Mr. Joseph Jr",2690,B96 B98,0,1,1,0,0,0.2244799812202916,2,0-18
534,1,3,"Peter, Mrs. Catherine (Catherine Rizk)",2668,B96 B98,1,0,1,0,0,0.6942664145573018,2,18-35
535,0,3,"Cacic, Miss. Marija",315084,B96 B98,1,0,0,0,1,0.268986587356938,0,18-35
536,1,2,"Hart, Miss. Eva Miriam",F.C.C. 13529,B96 B98,1,0,0,0,1,0.8151108707786,2,0-18
537,0,1,"Butt, Major. Archibald Willingham",113050,B38,0,1,0,0,1,0.8244264235874983,0,35-50
538,1,1,"LeRoy, Miss. Bertha",PC 17761,B96 B98,1,0,1,0,0,3.304692358956667,0,18-35
539,0,3,"Risien, Mr. Samuel Beard",364498,B96 B98,0,1,0,0,1,0.4502517190967505,0,18-35
540,1,1,"Frolicher, Miss. Hedwig Margaritha",13568,B39,1,0,1,0,0,1.5370662134682171,2,18-35
541,1,1,"Crosby, Miss. Harriet R",WE/P 5735,B22,1,0,0,0,1,2.2046808314392607,2,35-50
542,0,3,"Andersson, Miss. Ingeborg Constanzia",347082,B96 B98,1,0,0,0,1,0.9711463803276462,6,0-18
543,0,3,"Andersson, Miss. Sigrid Elisabeth",347082,B96 B98,1,0,0,0,1,0.9711463803276462,6,0-18
544,1,2,"Beane, Mr. Edward",2908,B96 B98,0,1,0,0,1,0.8073479101045181,1,18-35
545,0,1,"Douglas, Mr. Walter Donald",PC 17761,C86,0,1,1,0,0,3.304692358956667,1,35-50
546,0,1,"Nicholson, Mr. Arthur Ernest",693,B96 B98,0,1,0,0,1,0.8073479101045181,0,50+
547,1,2,"Beane, Mrs. Edward (Ethel Clarke)",2908,B96 B98,1,0,0,0,1,0.8073479101045181,1,18-35
548,1,2,"Padro y Manent, Mr. Julian",SC/PARIS 2146,B96 B98,0,1,1,0,0,0.43045616937784165,0,18-35
549,0,3,"Goldsmith, Mr. Frank John",363291,B96 B98,0,1,0,0,1,0.6373390713421243,2,18-35
550,1,2,"Davies, Master. John Morgan Jr",C.A. 33112,B96 B98,0,1,0,0,1,1.14115521909004,2,0-18
551,1,1,"Thayer, Mr. John Borland Jr",17421,C70,0,1,1,0,0,3.4431307892497043,2,0-18
552,0,2,"Sharp, Mr. Percival James R",244358,B96 B98,0,1,0,0,1,0.8073479101045181,0,18-35
553,0,3,"O'Brien, Mr. Timothy",330979,B96 B98,0,1,0,1,0,0.2431110868380882,0,18-35
554,1,3,"Leeni, Mr. Fahim (""Philip Zenni"")",2620,B96 B98,0,1,1,0,0,0.22434956348096705,0,18-35
555,1,3,"Ohman, Miss. Velin",347085,B96 B98,1,0,0,0,1,0.24142807696394725,0,18-35
556,0,1,"Wright, Mr. George",113807,B96 B98,0,1,0,0,1,0.8244264235874983,0,50+
557,1,1,"Duff Gordon, Lady. (Lucille Christiana Sutherland) (""Mrs Morgan"")",11755,A16,1,0,1,0,0,1.2296529707745738,1,35-50
558,0,1,"Robbins, Mr. Victor",PC 17757,B96 B98,0,1,1,0,0,7.0650705094819415,0,18-35
559,1,1,"Taussig, Mrs. Emil (Tillie Mandelbaum)",110413,E67,1,0,0,0,1,2.473279270762495,2,35-50
560,1,3,"de Messemaeker, Mrs. Guillaume Joseph (Emma)",345572,B96 B98,1,0,0,0,1,0.5403020629161005,1,35-50
561,0,3,"Morrow, Mr. Thomas Rowan",372622,B96 B98,0,1,0,1,0,0.24065178089653905,0,18-35
562,0,3,"Sivic, Mr. Husein",349251,B96 B98,0,1,0,0,1,0.24517913956166362,0,35-50
563,0,2,"Norman, Mr. Robert Douglas",218629,B96 B98,0,1,0,0,1,0.41919987640042283,0,18-35
564,0,3,"Simmons, Mr. John",SOTON/OQ 392082,B96 B98,0,1,0,0,1,0.24996733370543736,0,18-35
565,0,3,"Meanwell, Miss. (Marion Ogden)",SOTON/O.Q. 392087,B96 B98,1,0,0,0,1,0.24996733370543736,0,18-35
566,0,3,"Davies, Mr. Alfred J",A/4 48871,B96 B98,0,1,0,0,1,0.7499020011163119,2,18-35
567,0,3,"Stoytcheff, Mr. Ilia",349205,B96 B98,0,1,0,0,1,0.24517913956166362,0,18-35
568,0,3,"Palsson, Mrs. Nils (Alma Cornelia Berglund)",349909,B96 B98,1,0,0,0,1,0.6544175848251046,4,18-35
569,0,3,"Doharr, Mr. Tannous",2686,B96 B98,0,1,1,0,0,0.2244799812202916,0,18-35
570,1,3,"Jonsson, Mr. Carl",350417,B96 B98,0,1,0,0,1,0.24388738290549636,0,18-35
571,1,2,"Harris, Mr. George",S.W./PP 752,B96 B98,0,1,0,0,1,0.32604434831143997,0,50+
572,1,1,"Appleton, Mrs. Edward Dale (Charlotte Lamson)",11769,C101,1,0,0,0,1,1.5985240205327886,2,50+
573,1,1,"Flynn, Mr. John Irwin (""Irving"")",PC 17474,E25,0,1,0,0,1,0.819380499149345,0,35-50
574,1,3,"Kelly, Miss. Mary",14312,B96 B98,1,0,0,1,0,0.24065178089653905,0,18-35
575,0,3,"Rush, Mr. Alfred George John",A/4. 20589,B96 B98,0,1,0,0,1,0.24996733370543736,0,0-18
576,0,3,"Patchett, Mr. George",358585,B96 B98,0,1,0,0,1,0.4502517190967505,0,18-35
577,1,2,"Garside, Miss. Ethel",243880,B96 B98,1,0,0,0,1,0.40367395505225906,0,18-35
578,1,1,"Silvey, Mrs. William Baird (Alice Munger)",13507,E44,1,0,0,0,1,1.7357980067247138,1,35-50
579,0,3,"Caram, Mrs. Joseph (Maria Elias)",2689,B96 B98,1,0,1,0,0,0.44895685725631357,1,18-35
580,1,3,"Jussila, Mr. Eiriik",STON/O 2. 3101286,B96 B98,0,1,0,0,1,0.24608585336839636,0,18-35
581,1,2,"Christy, Miss. Julie Rachel",237789,B96 B98,1,0,0,0,1,0.9315552808898285,2,18-35
582,1,1,"Thayer, Mrs. John Borland (Marian Longstreth Morris)",17421,C68,1,0,1,0,0,3.4431307892497043,2,35-50
583,0,2,"Downton, Mr. William James",28403,B96 B98,0,1,0,0,1,0.8073479101045181,0,50+
584,0,1,"Ross, Mr. John Hugo",13049,A10,0,1,1,0,0,1.2459551881901456,0,35-50
585,0,3,"Paulner, Mr. Uscher",3411,B96 B98,0,1,1,0,0,0.2705391794917544,0,18-35
586,1,1,"Taussig, Miss. Ruth",110413,E68,1,0,0,0,1,2.473279270762495,2,0-18
587,0,2,"Jarvis, Mr. John Denzil",237565,B96 B98,0,1,0,0,1,0.46577764044491426,0,35-50
588,1,1,"Frolicher-Stehli, Mr. Maxmillian",13567,B41,0,1,1,0,0,2.4593059415491476,2,50+
589,0,3,"Gilinski, Mr. Eliezer",14973,B96 B98,0,1,0,0,1,0.24996733370543736,0,18-35
590,0,3,"Murdlin, Mr. Joseph",A./5. 3235,B96 B98,0,1,0,0,1,0.24996733370543736,0,18-35
591,0,3,"Rintamaki, Mr. Matti",STON/O 2. 3101273,B96 B98,0,1,0,0,1,0.22124437921133427,0,18-35
592,1,1,"Stephenson, Mrs. Walter Bertram (Martha Eustis)",36947,D20,1,0,1,0,0,2.430325256760665,1,50+
593,0,3,"Elsbury, Mr. William James",A/5 3902,B96 B98,0,1,0,0,1,0.22512585954837525,0,35-50
594,0,3,"Bourke, Miss. Mary",364848,B96 B98,1,0,0,1,0,0.24065178089653905,2,18-35
595,0,2,"Chapman, Mr. John Henry",SC/AH 29037,B96 B98,0,1,0,0,1,0.8073479101045181,1,35-50
596,0,3,"Van Impe, Mr. Jean Baptiste",345773,B96 B98,0,1,0,0,1,0.7499020011163119,2,35-50
597,1,2,"Leitch, Miss. Jessie Wills",248727,B96 B98,1,0,0,0,1,1.0247108089788115,0,18-35
598,0,3,"Johnson, Mr. Alfred",LINE,B96 B98,0,1,0,0,1,0.0,0,35-50
599,0,3,"Boulos, Mr. Hanna",2664,B96 B98,0,1,1,0,0,0.22434956348096705,0,18-35
600,1,1,"Duff Gordon, Sir. Cosmo Edmund (""Mr Morgan"")",PC 17485,A20,0,1,1,0,0,1.7677565632277743,1,35-50
601,1,2,"Jacobsohn, Mrs. Sidney Samuel (Amy Frances Christy)",243847,B96 B98,1,0,0,0,1,0.8383997528008457,3,18-35
602,0,3,"Slabenoff, Mr. Petco",349214,B96 B98,0,1,0,0,1,0.24517913956166362,0,18-35
603,0,1,"Harrington, Mr. Charles H",113796,B96 B98,0,1,0,0,1,1.316598130324291,0,18-35
604,0,3,"Torber, Mr. Ernst William",364511,B96 B98,0,1,0,0,1,0.24996733370543736,0,35-50
605,1,1,"Homer, Mr. Harry (""Mr E Haven"")",111426,B96 B98,0,1,1,0,0,0.8244264235874983,0,18-35
606,0,3,"Lindell, Mr. Edvard Bengtsson",349910,B96 B98,0,1,0,0,1,0.4828561539278945,1,35-50
607,0,3,"Karaic, Mr. Milan",349246,B96 B98,0,1,0,0,1,0.24517913956166362,0,18-35
608,1,1,"Daniel, Mr. Robert Williams",113804,B96 B98,0,1,0,0,1,0.9470812022379924,0,18-35
609,1,2,"Laroche, Mrs. Joseph (Juliette Marie Louise Lafargue)",SC/Paris 2123,B96 B98,1,0,1,0,0,1.2911107778391453,3,18-35
610,1,1,"Shutes, Miss. Elizabeth W",PC 17582,C125,1,0,0,0,1,4.765293409785177,0,35-50
611,0,3,"Andersson, Mrs. Anders Johan (Alfrida Konstantia Brogren)",347082,B96 B98,1,0,0,0,1,0.9711463803276462,6,35-50
612,0,3,"Jardin, Mr. Jose Neto",SOTON/O.Q. 3101305,B96 B98,0,1,0,0,1,0.2189154910091097,0,18-35
613,1,3,"Murphy, Miss. Margaret Jane",367230,B96 B98,1,0,0,1,0,0.4813035617930781,1,18-35
614,0,3,"Horgan, Mr. John",370377,B96 B98,0,1,0,1,0,0.24065178089653905,0,18-35
615,0,3,"Brocklebank, Mr. William Alfred",364512,B96 B98,0,1,0,0,1,0.24996733370543736,0,18-35
616,1,2,"Herman, Miss. Alice",220845,B96 B98,1,0,0,0,1,2.018369775261295,3,18-35
617,0,3,"Danbom, Mr. Ernst Gilbert",347080,B96 B98,0,1,0,0,1,0.4471465348271177,2,18-35
618,0,3,"Lobb, Mrs. William Arthur (Cordelia K Stanlick)",A/5. 3336,B96 B98,1,0,0,0,1,0.4999346674108747,1,18-35
619,1,2,"Becker, Miss. Marion Louise",230136,F4,1,0,0,0,1,1.2110218651567772,3,0-18
620,0,2,"Gavey, Mr. Lawrence",31028,B96 B98,0,1,0,0,1,0.32604434831143997,0,18-35
621,0,3,"Yasbeck, Mr. Antoni",2659,B96 B98,0,1,1,0,0,0.4488295447012587,1,18-35
622,1,1,"Kimball, Mr. Edwin Nelson Jr",11753,D19,0,1,0,0,1,1.631904751431341,1,35-50
623,1,3,"Nakid, Mr. Sahid",2653,B96 B98,0,1,1,0,0,0.48880879217278045,2,18-35
624,0,3,"Hansen, Mr. Henry Damsgaard",350029,B96 B98,0,1,0,0,1,0.24388738290549636,0,18-35
625,0,3,"Bowen, Mr. David John ""Dai""",54636,B96 B98,0,1,0,0,1,0.4999346674108747,0,18-35
626,0,1,"Sutton, Mr. Frederick",36963,D50,0,1,0,0,1,1.0036203974194657,0,50+
627,0,2,"Kirkland, Rev. Charles Leonard",219533,B96 B98,0,1,0,1,0,0.3834902572996461,0,50+
628,1,1,"Longley, Miss. Gretchen Fiske",13502,D9,1,0,0,0,1,2.420748868473117,0,18-35
629,0,3,"Bostandyeff, Mr. Guentcho",349224,B96 B98,0,1,0,0,1,0.24517913956166362,0,18-35
630,0,3,"O'Connell, Mr. Patrick D",334912,B96 B98,0,1,0,1,0,0.24013321512351038,0,18-35
631,1,1,"Barkworth, Mr. Algernon Henry Wilson",27042,A23,0,1,0,0,1,0.9315552808898285,0,50+
632,0,3,"Lundahl, Mr. Johan Svensson",347743,B96 B98,0,1,0,0,1,0.21904590874843427,0,50+
633,1,1,"Stahelin-Maeglin, Dr. Max",13214,B50,0,1,1,0,0,0.9470812022379924,0,18-35
634,0,1,"Parr, Mr. William Henry Marsh",112052,B96 B98,0,1,0,0,1,0.0,0,18-35
635,0,3,"Skoog, Miss. Mabel",347088,B96 B98,1,0,0,0,1,0.8663464112275405,5,0-18
636,1,2,"Davis, Miss. Mary",237668,B96 B98,1,0,0,0,1,0.40367395505225906,0,18-35
637,0,3,"Leinonen, Mr. Antti Gustaf",STON/O 2. 3101292,B96 B98,0,1,0,0,1,0.24608585336839636,0,18-35
638,0,2,"Collyer, Mr. Harvey",C.A. 31921,B96 B98,0,1,0,0,1,0.8151108707786,2,18-35
639,0,3,"Panula, Mrs. Juha (Maria Emilia Ojala)",3101295,B96 B98,1,0,0,0,1,1.2323700070105024,5,35-50
640,0,3,"Thorneycroft, Mr. Percival",376564,B96 B98,0,1,0,0,1,0.4999346674108747,1,18-35
641,0,3,"Jensen, Mr. Hans Peder",350050,B96 B98,0,1,0,0,1,0.24388738290549636,0,18-35
642,1,1,"Sagesser, Mlle. Emma",PC 17477,B35,1,0,1,0,0,2.151892698855504,0,18-35
643,0,3,"Skoog, Miss. Margit Elizabeth",347088,B96 B98,1,0,0,0,1,0.8663464112275405,5,0-18
644,1,3,"Foo, Mr. Choong",1601,B96 B98,0,1,0,0,1,1.754298694603186,0,18-35
645,1,3,"Baclini, Miss. Eugenie",2666,B96 B98,1,0,1,0,0,0.5980057021986861,3,0-18
646,1,1,"Harper, Mr. Henry Sleeper",PC 17572,D33,0,1,1,0,0,2.382583048615061,1,35-50
647,0,3,"Cor, Mr. Liudevit",349231,B96 B98,0,1,0,0,1,0.24517913956166362,0,18-35
648,1,1,"Simonius-Blumer, Col. Oberst Alfons",13213,A26,0,1,1,0,0,1.1023404157196304,0,50+
649,0,3,"Willey, Mr. Edward",S.O./P.P. 751,B96 B98,0,1,0,0,1,0.2344414123572735,0,18-35
650,1,3,"Stanley, Miss. Amy Zillah Elsie",CA. 2314,B96 B98,1,0,0,0,1,0.2344414123572735,0,18-35
651,0,3,"Mitkoff, Mr. Mito",349221,B96 B98,0,1,0,0,1,0.24517913956166362,0,18-35
652,1,2,"Doling, Miss. Elsie",231919,B96 B98,1,0,0,0,1,0.7141923820155353,1,0-18
653,0,3,"Kalvik, Mr. Johannes Halvorsen",8475,B96 B98,0,1,0,0,1,0.2618695050109397,0,18-35
654,1,3,"O'Leary, Miss. Hanora ""Norah""",330919,B96 B98,1,0,0,1,0,0.2431110868380882,0,18-35
655,0,3,"Hegarty, Miss. Hanora ""Nora""",365226,B96 B98,1,0,0,1,0,0.20959993820021142,0,0-18
656,0,2,"Hickman, Mr. Leonard Mark",S.O.C. 14879,B96 B98,0,1,0,0,1,2.28231043818008,2,18-35
657,0,3,"Radeff, Mr. Alexander",349223,B96 B98,0,1,0,0,1,0.24517913956166362,0,18-35
658,0,3,"Bourke, Mrs. John (Catherine)",364849,B96 B98,1,0,0,1,0,0.4813035617930781,2,18-35
659,0,2,"Eitemiller, Mr. George Floyd",29751,B96 B98,0,1,0,0,1,0.40367395505225906,0,18-35
660,0,1,"Newell, Mr. Arthur Webster",35273,D48,0,1,1,0,0,3.517397481426511,2,50+
661,1,1,"Frauenthal, Dr. Henry William",PC 17611,B96 B98,0,1,0,0,1,4.150078776364186,2,35-50
662,0,3,"Badt, Mr. Mohamed",2623,B96 B98,0,1,1,0,0,0.22434956348096705,0,35-50
663,0,1,"Colley, Mr. Edward Pomeroy",5727,E58,0,1,0,0,1,0.7945390249922829,0,35-50
664,0,3,"Coleff, Mr. Peju",349210,B96 B98,0,1,0,0,1,0.23275840248313256,0,35-50
665,1,3,"Lindqvist, Mr. Eino William",STON/O 2. 3101285,B96 B98,0,1,0,0,1,0.24608585336839636,1,18-35
666,0,2,"Hickman, Mr. Lewis",S.O.C. 14879,B96 B98,0,1,0,0,1,2.28231043818008,2,18-35
667,0,2,"Butler, Mr. Reginald Fenton",234686,B96 B98,0,1,0,0,1,0.40367395505225906,0,18-35
668,0,3,"Rommetvedt, Mr. Knud Paust",312993,B96 B98,0,1,0,0,1,0.24142807696394725,0,18-35
669,0,3,"Cook, Mr. Jacob",A/5 3536,B96 B98,0,1,0,0,1,0.24996733370543736,0,35-50
670,1,1,"Taylor, Mrs. Elmer Zebley (Juliet Cummins Wright)",19996,C126,1,0,0,0,1,1.6146958202090362,1,18-35
671,1,2,"Brown, Mrs. Thomas William Solomon (Elizabeth Catherine Ford)",29750,B96 B98,1,0,0,0,1,1.2110218651567772,2,35-50
672,0,1,"Davidson, Mr. Thornton",F.C. 12750,B71,0,1,0,0,1,1.6146958202090362,1,18-35
673,0,2,"Mitchell, Mr. Henry Michael",C.A. 24580,B96 B98,0,1,0,0,1,0.32604434831143997,0,50+
674,1,2,"Wilhelms, Mr. Charles",244270,B96 B98,0,1,0,0,1,0.40367395505225906,0,18-35
675,0,2,"Watson, Mr. Ennis Hastings",239856,B96 B98,0,1,0,0,1,0.0,0,18-35
676,0,3,"Edvardsson, Mr. Gustaf Hjalmar",349912,B96 B98,0,1,0,0,1,0.24142807696394725,0,0-18
677,0,3,"Sawyer, Mr. Frederick Charles",342826,B96 B98,0,1,0,0,1,0.24996733370543736,0,18-35
678,1,3,"Turja, Miss. Anna Sofia",4138,B96 B98,1,0,0,0,1,0.3056029202644475,0,0-18
679,0,3,"Goodwin, Mrs. Frederick (Augusta Tyler)",CA 2144,B96 B98,1,0,0,0,1,1.4563314224577653,7,35-50
680,1,1,"Cardeza, Mr. Thomas Drake Martinez",PC 17755,B51 B53 B55,0,1,1,0,0,15.908765727135373,1,35-50
681,0,3,"Peters, Miss. Katie",330935,B96 B98,1,0,0,1,0,0.25268436994136595,0,18-35
682,1,1,"Hassab, Mr. Hammad",PC 17572,D49,0,1,1,0,0,2.382583048615061,0,18-35
683,0,3,"Olsvigen, Mr. Thor Anderson",6563,B96 B98,0,1,0,0,1,0.2864532488736223,0,18-35
684,0,3,"Goodwin, Mr. Charles Edward",CA 2144,B96 B98,0,1,0,0,1,1.4563314224577653,7,0-18
685,0,2,"Brown, Mr. Thomas William Solomon",29750,B96 B98,0,1,0,0,1,1.2110218651567772,2,50+
686,0,2,"Laroche, Mr. Joseph Philippe Lemercier",SC/Paris 2123,B96 B98,0,1,1,0,0,1.2911107778391453,3,18-35
687,0,3,"Panula, Mr. Jaako Arnold",3101295,B96 B98,0,1,0,0,1,1.2323700070105024,5,0-18
688,0,3,"Dakic, Mr. Branko",349228,B96 B98,0,1,0,0,1,0.31582208169580894,0,18-35
689,0,3,"Fischer, Mr. Eberhard Thelander",350036,B96 B98,0,1,0,0,1,0.24207395529203085,0,0-18
690,1,1,"Madill, Miss. Georgette Alexandra",24160,B5,1,0,0,0,1,6.562418805835138,1,0-18
691,1,1,"Dick, Mr. Albert Adrian",17474,B20,0,1,0,0,1,1.7699550336906742,1,18-35
692,1,3,"Karun, Miss. Manca",349256,B96 B98,1,0,1,0,0,0.41661325790381876,1,0-18
693,1,3,"Lam, Mr. Ali",1601,B96 B98,0,1,0,0,1,1.754298694603186,0,18-35
694,0,3,"Saad, Mr. Khalil",2672,B96 B98,0,1,1,0,0,0.22434956348096705,0,18-35
695,0,1,"Weir, Col. John",113800,B96 B98,0,1,0,0,1,0.8244264235874983,0,50+
696,0,2,"Chapman, Mr. Charles Henry",248731,B96 B98,0,1,0,0,1,0.41919987640042283,0,50+
697,0,3,"Kelly, Mr. James",363592,B96 B98,0,1,0,0,1,0.24996733370543736,0,35-50
698,1,3,"Mullens, Miss. Katherine ""Katie""",35852,B96 B98,1,0,0,1,0,0.24013321512351038,0,18-35
699,0,1,"Thayer, Mr. John Borland",17421,C68,0,1,1,0,0,3.4431307892497043,2,35-50
700,0,3,"Humblen, Mr. Adolf Mathias Nicolai Olsen",348121,F G63,0,1,0,0,1,0.2375465966269063,0,35-50
701,1,1,"Astor, Mrs. John Jacob (Madeleine Talmadge Force)",PC 17757,C62 C64,1,0,1,0,0,7.0650705094819415,1,0-18
702,1,1,"Silverthorne, Mr. Spencer Victor",PC 17475,E24,0,1,0,0,1,0.8162753148797123,0,18-35
703,0,3,"Barbara, Miss. Saiide",2691,B96 B98,1,0,1,0,0,0.4488295447012587,1,0-18
704,0,3,"Gallagher, Mr. Martin",36864,B96 B98,0,1,0,1,0,0.24039405060215951,0,18-35
705,0,3,"Hansen, Mr. Henrik Juul",350025,B96 B98,0,1,0,0,1,0.24388738290549636,1,18-35
706,0,2,"Morley, Mr. Henry Samuel (""Mr Henry Marshall"")",250655,B96 B98,0,1,0,0,1,0.8073479101045181,0,35-50
707,1,2,"Kelly, Mrs. Florence ""Fannie""",223596,B96 B98,1,0,0,0,1,0.41919987640042283,0,35-50
708,1,1,"Calderhead, Mr. Edward Pennington",PC 17476,E24,0,1,0,0,1,0.8162753148797123,0,35-50
709,1,1,"Cleaver, Miss. Alice",113781,B96 B98,1,0,0,0,1,4.705906760628451,0,18-35
710,1,3,"Moubarek, Master. Halim Gonios (""William George"")",2661,B96 B98,0,1,1,0,0,0.47341018337967156,2,18-35
711,1,1,"Mayne, Mlle. Berthe Antonine (""Mrs de Villiers"")",PC 17482,C90,1,0,1,0,0,1.5371966312075416,0,18-35
712,0,1,"Klaber, Mr. Herman",113028,C124,0,1,0,0,1,0.8244264235874983,0,18-35
713,1,1,"Taylor, Mr. Elmer Zebley",19996,C126,0,1,0,0,1,1.6146958202090362,1,35-50
714,0,3,"Larsson, Mr. August Viktor",7545,B96 B98,0,1,0,0,1,0.2944739398420837,0,18-35
715,0,2,"Greenberg, Mr. Samuel",250647,B96 B98,0,1,0,0,1,0.40367395505225906,0,50+
716,0,3,"Soholt, Mr. Peter Andreas Lauritz Andersen",348124,F G73,0,1,0,0,1,0.2375465966269063,0,18-35
717,1,1,"Endres, Miss. Caroline Louise",PC 17757,C45,1,0,1,0,0,7.0650705094819415,0,35-50
718,1,2,"Troutt, Miss. Edwina Celia ""Winnie""",34218,E101,1,0,0,0,1,0.32604434831143997,0,18-35
719,0,3,"McEvoy, Mr. Michael",36568,B96 B98,0,1,0,1,0,0.4813035617930781,0,18-35
720,0,3,"Johnson, Mr. Malkolm Joackim",347062,B96 B98,0,1,0,0,1,0.24142807696394725,0,18-35
721,1,2,"Harper, Miss. Annie Jessie ""Nina""",248727,B96 B98,1,0,0,0,1,1.0247108089788115,1,0-18
722,0,3,"Jensen, Mr. Svend Lauritz",350048,B96 B98,0,1,0,0,1,0.21904590874843427,1,0-18
723,0,2,"Gillespie, Mr. William Henry",12233,B96 B98,0,1,0,0,1,0.40367395505225906,0,18-35
724,0,2,"Hodges, Mr. Henry Price",250643,B96 B98,0,1,0,0,1,0.40367395505225906,0,35-50
725,1,1,"Chambers, Mr. Norman Campbell",113806,E8,0,1,0,0,1,1.6488528471749966,1,18-35
726,0,3,"Oreskovic, Mr. Luka",315094,B96 B98,0,1,0,0,1,0.268986587356938,0,18-35
727,1,2,"Renouf, Mrs. Peter Henry (Lillian Jefferys)",31027,B96 B98,1,0,0,0,1,0.6520886966228799,3,18-35
728,1,3,"Mannion, Miss. Margareth",36866,B96 B98,1,0,0,1,0,0.24026363286283495,0,18-35
729,0,2,"Bryhl, Mr. Kurt Arnold Gottfrid",236853,B96 B98,0,1,0,0,1,0.8073479101045181,1,18-35
730,0,3,"Ilmakangas, Miss. Pieta Sofia",STON/O2. 3101271,B96 B98,1,0,0,0,1,0.24608585336839636,1,18-35
731,1,1,"Allen, Miss. Elisabeth Walton",24160,B5,1,0,0,0,1,6.562418805835138,0,18-35
732,0,3,"Hassan, Mr. Houssein G N",2699,B96 B98,0,1,1,0,0,0.5833864946572552,0,0-18
733,0,2,"Knight, Mr. Robert J",239855,B96 B98,0,1,0,0,1,0.0,0,18-35
734,0,2,"Berriman, Mr. William John",28425,B96 B98,0,1,0,0,1,0.40367395505225906,0,18-35
735,0,2,"Troupiansky, Mr. Moses Aaron",233639,B96 B98,0,1,0,0,1,0.40367395505225906,0,18-35
736,0,3,"Williams, Mr. Leslie",54636,B96 B98,0,1,0,0,1,0.4999346674108747,0,18-35
737,0,3,"Ford, Mrs. Edward (Margaret Ann Watson)",W./C. 6608,B96 B98,1,0,0,0,1,1.067407092686262,4,35-50
738,1,1,"Lesurer, Mr. Gustave J",PC 17755,B101,0,1,1,0,0,15.908765727135373,0,18-35
739,0,3,"Ivanoff, Mr. Kanio",349201,B96 B98,0,1,0,0,1,0.24517913956166362,0,18-35
740,0,3,"Nankoff, Mr. Minko",349218,B96 B98,0,1,0,0,1,0.24517913956166362,0,18-35
741,1,1,"Hawksford, Mr. Walter James",16988,D45,0,1,0,0,1,0.9315552808898285,0,18-35
742,0,1,"Cavendish, Mr. Tyrell William",19877,C46,0,1,0,0,1,2.4484377966054325,1,35-50
743,1,1,"Ryerson, Miss. Susan Parker ""Suzette""",PC 17608,B57 B59 B63 B66,1,0,1,0,0,8.147227227448958,4,18-35
744,0,3,"McNamee, Mr. Neal",376566,B96 B98,0,1,0,0,1,0.4999346674108747,1,18-35
745,1,3,"Stranden, Mr. Juho",STON/O 2. 3101288,B96 B98,0,1,0,0,1,0.24608585336839636,0,18-35
746,0,1,"Crosby, Capt. Edward Gifford",WE/P 5735,B22,0,1,0,0,1,2.2046808314392607,2,50+
747,0,3,"Abbott, Mr. Rossmore Edward",C.A. 2673,B96 B98,0,1,0,0,1,0.6287998146006343,2,0-18
748,1,2,"Sinkkonen, Miss. Anna",250648,B96 B98,1,0,0,0,1,0.40367395505225906,0,18-35
749,0,1,"Marvin, Mr. Daniel Warner",113773,D30,0,1,0,0,1,1.6488528471749966,1,18-35
750,0,3,"Connaghton, Mr. Michael",335097,B96 B98,0,1,0,1,0,0.24065178089653905,0,18-35
751,1,2,"Wells, Miss. Joan",29103,B96 B98,1,0,0,0,1,0.7141923820155353,2,0-18
752,1,3,"Moor, Master. Meier",392096,E121,0,1,0,0,1,0.38737173763668703,1,0-18
753,0,3,"Vande Velde, Mr. Johannes Joseph",345780,B96 B98,0,1,0,0,1,0.29499250561511237,0,18-35
754,0,3,"Jonkoff, Mr. Lalio",349204,B96 B98,0,1,0,0,1,0.24517913956166362,0,18-35
755,1,2,"Herman, Mrs. Samuel (Jane Laver)",220845,B96 B98,1,0,0,0,1,2.018369775261295,3,35-50
756,1,2,"Hamalainen, Master. Viljo",250649,B96 B98,0,1,0,0,1,0.4502517190967505,2,0-18
757,0,3,"Carlsson, Mr. August Sigfrid",350042,B96 B98,0,1,0,0,1,0.24207395529203085,0,18-35
758,0,2,"Bailey, Mr. Percy Andrew",29108,B96 B98,0,1,0,0,1,0.3570961910077676,0,0-18
759,0,3,"Theobald, Mr. Thomas Leonard",363294,B96 B98,0,1,0,0,1,0.24996733370543736,0,18-35
760,1,1,"Rothes, the Countess. of (Lucy Noel Martha Dyer-Edwards)",110152,B77,1,0,0,0,1,2.685984393232339,0,18-35
761,0,3,"Garfirth, Mr. John",358585,B96 B98,0,1,0,0,1,0.4502517190967505,0,18-35
762,0,3,"Nirva, Mr. Iisakki Antino Aijo",SOTON/O2 3101272,B96 B98,0,1,0,0,1,0.22124437921133427,0,35-50
763,1,3,"Barah, Mr. Hanna Assi",2663,B96 B98,0,1,1,0,0,0.2244799812202916,0,18-35
764,1,1,"Carter, Mrs. William Ernest (Lucile Polk)",113760,B96 B98,1,0,0,0,1,3.726221123559314,3,35-50
765,0,3,"Eklund, Mr. Hans Linus",347074,B96 B98,0,1,0,0,1,0.24142807696394725,0,0-18
766,1,1,"Hogeboom, Mrs. John C (Anna Andrews)",13502,D11,1,0,0,0,1,2.420748868473117,1,50+
767,0,1,"Brewe, Dr. Arthur Jackson",112379,B96 B98,0,1,1,0,0,1.2296529707745738,0,18-35
768,0,3,"Mangan, Miss. Mary",364850,B96 B98,1,0,0,1,0,0.24065178089653905,0,18-35
769,0,3,"Moran, Mr. Daniel J",371110,B96 B98,0,1,0,1,0,0.7499020011163119,1,18-35
770,0,3,"Gronnestad, Mr. Daniel Danielsen",8471,B96 B98,0,1,0,0,1,0.25967103454803975,0,18-35
771,0,3,"Lievens, Mr. Rene Aime",345781,B96 B98,0,1,0,0,1,0.29499250561511237,0,18-35
772,0,3,"Jensen, Mr. Niels Peder",350047,B96 B98,0,1,0,0,1,0.24388738290549636,0,35-50
773,0,2,"Mack, Mrs. (Mary)",S.O./P.P. 3,E77,1,0,0,0,1,0.32604434831143997,0,50+
774,0,3,"Elias, Mr. Dibo",2674,B96 B98,0,1,1,0,0,0.22434956348096705,0,18-35
775,1,2,"Hocking, Mrs. Elizabeth (Eliza Needs)",29105,B96 B98,1,0,0,0,1,0.7141923820155353,4,50+
776,0,3,"Myhrman, Mr. Pehr Fabian Oliver Malkolm",347078,B96 B98,0,1,0,0,1,0.24065178089653905,0,0-18
777,0,3,"Tobin, Mr. Roger",383121,F38,0,1,0,1,0,0.24065178089653905,0,18-35
778,1,3,"Emanuel, Miss. Virginia Ethel",364516,B96 B98,1,0,0,0,1,0.38737173763668703,0,0-18
779,0,3,"Kilgannon, Mr. Thomas J",36865,B96 B98,0,1,0,1,0,0.24026363286283495,0,18-35
780,1,1,"Robert, Mrs. Edward Scott (Elisabeth Walton McMillan)",24160,B3,1,0,0,0,1,6.562418805835138,1,35-50
781,1,3,"Ayoub, Miss. Banoura",2687,B96 B98,1,0,1,0,0,0.2244799812202916,0,0-18
782,1,1,"Dick, Mrs. Albert Adrian (Vera Gillespie)",17474,B20,1,0,0,0,1,1.7699550336906742,1,0-18
783,0,1,"Long, Mr. Milton Clyde",113501,D6,0,1,0,0,1,0.9315552808898285,0,18-35
784,0,3,"Johnston, Mr. Andrew G",W./C. 6607,B96 B98,0,1,0,0,1,0.7281657112288826,3,18-35
785,0,3,"Ali, Mr. William",SOTON/O.Q. 3101312,B96 B98,0,1,0,0,1,0.2189154910091097,0,18-35
786,0,3,"Harmer, Mr. Abraham (David Lishin)",374887,B96 B98,0,1,0,0,1,0.22512585954837525,0,18-35
787,1,3,"Sjoblom, Miss. Anna Sofia",3101265,B96 B98,1,0,0,0,1,0.23275840248313256,0,0-18
788,0,3,"Rice, Master. George Hugh",382652,B96 B98,0,1,0,1,0,0.9043849185305419,5,0-18
789,1,3,"Dean, Master. Bertram Vere",C.A. 2315,B96 B98,0,1,0,0,1,0.6388916634769407,3,0-18
790,0,1,"Guggenheim, Mr. Benjamin",PC 17593,B82 B84,0,1,1,0,0,2.4593059415491476,0,35-50
791,0,3,"Keane, Mr. Andrew ""Andy""",12460,B96 B98,0,1,0,1,0,0.24065178089653905,0,18-35
792,0,2,"Gaskell, Mr. Alfred",239865,B96 B98,0,1,0,0,1,0.8073479101045181,0,0-18
793,0,3,"Sage, Miss. Stella Anna",CA. 2343,B96 B98,1,0,0,0,1,2.159655659529586,10,18-35
794,0,1,"Hoyt, Mr. William Fisher",PC 17600,B96 B98,0,1,1,0,0,0.9531611530379333,0,18-35
795,0,3,"Dantcheff, Mr. Ristiu",349203,B96 B98,0,1,0,0,1,0.24517913956166362,0,18-35
796,0,2,"Otter, Mr. Richard",28213,B96 B98,0,1,0,0,1,0.40367395505225906,0,35-50
797,1,1,"Leader, Dr. Alice (Farnham)",17465,D17,1,0,0,0,1,0.8051494396416181,0,35-50
798,1,3,"Osman, Mrs. Mara",349244,B96 B98,1,0,0,0,1,0.2696324656850216,0,18-35
799,0,3,"Ibrahim Shawah, Mr. Yousseff",2685,B96 B98,0,1,1,0,0,0.2244799812202916,0,18-35
800,0,3,"Van Impe, Mrs. Jean Baptiste (Rosalie Paula Govaert)",345773,B96 B98,1,0,0,0,1,0.7499020011163119,2,18-35
801,0,2,"Ponesell, Mr. Martin",250647,B96 B98,0,1,0,0,1,0.40367395505225906,0,18-35
802,1,2,"Collyer, Mrs. Harvey (Charlotte Annie Tate)",C.A. 31921,B96 B98,1,0,0,0,1,0.8151108707786,2,18-35
803,1,1,"Carter, Master. William Thornton II",113760,B96 B98,0,1,0,0,1,3.726221123559314,3,0-18
804,1,3,"Thomas, Master. Assad Alexander",2625,B96 B98,0,1,1,0,0,0.26445922869181343,1,0-18
805,1,3,"Hedman, Mr. Oskar Arvid",347089,B96 B98,0,1,0,0,1,0.21658660280688513,0,18-35
806,0,3,"Johansson, Mr. Karl Johan",347063,B96 B98,0,1,0,0,1,0.24142807696394725,0,18-35
807,0,1,"Andrews, Mr. Thomas Jr",112050,A36,0,1,0,0,1,0.0,0,35-50
808,0,3,"Pettersson, Miss. Ellen Natalia",347087,B96 B98,1,0,0,0,1,0.24142807696394725,0,0-18
809,0,2,"Meyer, Mr. August",248723,B96 B98,0,1,0,0,1,0.40367395505225906,0,35-50
810,1,1,"Chambers, Mrs. Norman Campbell (Bertha Griggs)",113806,E8,1,0,0,0,1,1.6488528471749966,1,18-35
811,0,3,"Alexander, Mr. William",3474,B96 B98,0,1,0,0,1,0.2449214092672841,0,18-35
812,0,3,"Lester, Mr. James",A/4 48871,B96 B98,0,1,0,0,1,0.7499020011163119,0,35-50
813,0,2,"Slemen, Mr. Richard James",28206,B96 B98,0,1,0,0,1,0.32604434831143997,0,18-35
814,0,3,"Andersson, Miss. Ebba Iris Alfrida",347082,B96 B98,1,0,0,0,1,0.9711463803276462,6,0-18
815,0,3,"Tomlin, Mr. Ernest Portage",364499,B96 B98,0,1,0,0,1,0.24996733370543736,0,18-35
816,0,1,"Fry, Mr. Richard",112058,B102,0,1,0,0,1,0.0,0,18-35
817,0,3,"Heininen, Miss. Wendla Maria",STON/O2. 3101290,B96 B98,1,0,0,0,1,0.24608585336839636,0,18-35
818,0,2,"Mallet, Mr. Albert",S.C./PARIS 2079,B96 B98,0,1,1,0,0,1.1490485975034463,2,18-35
819,0,3,"Holm, Mr. John Fredrik Alexander",C 7075,B96 B98,0,1,0,0,1,0.20028438539131316,0,35-50
820,0,3,"Skoog, Master. Karl Thorsten",347088,B96 B98,0,1,0,0,1,0.8663464112275405,5,0-18
821,1,1,"Hays, Mrs. Charles Melville (Clara Jennings Gregg)",12749,B69,1,0,0,0,1,2.9033472921066323,2,50+
822,1,3,"Lulic, Mr. Nikola",315098,B96 B98,0,1,0,0,1,0.268986587356938,0,18-35
823,0,1,"Reuchlin, Jonkheer. John George",19972,B96 B98,0,1,0,0,1,0.0,0,35-50
824,1,3,"Moor, Mrs. (Beila)",392096,E121,1,0,0,0,1,0.38737173763668703,1,18-35
825,0,3,"Panula, Master. Urho Abraham",3101295,B96 B98,0,1,0,0,1,1.2323700070105024,5,0-18
826,0,3,"Flynn, Mr. John",368323,B96 B98,0,1,0,1,0,0.21581030673947696,0,18-35
827,0,3,"Lam, Mr. Len",1601,B96 B98,0,1,0,0,1,1.754298694603186,0,18-35
828,1,2,"Mallet, Master. Andre",S.C./PARIS 2079,B96 B98,0,1,1,0,0,1.1490485975034463,2,0-18
829,1,3,"McCormack, Mr. Thomas Joseph",367228,B96 B98,0,1,0,1,0,0.24065178089653905,0,18-35
830,1,1,"Stone, Mrs. George Nelson (Martha Evelyn)",113572,B28,1,0,0,0,1,2.4841474157062096,0,50+
831,1,3,"Yasbeck, Mrs. Antoni (Selini Alexander)",2659,B96 B98,1,0,1,0,0,0.4488295447012587,1,0-18
832,1,2,"Richards, Master. George Sibley",29106,B96 B98,0,1,0,0,1,0.5822220505561428,2,0-18
833,0,3,"Saad, Mr. Amin",2671,B96 B98,0,1,1,0,0,0.2244799812202916,0,18-35
834,0,3,"Augustsson, Mr. Albert",347468,B96 B98,0,1,0,0,1,0.24388738290549636,0,18-35
835,0,3,"Allum, Mr. Owen George",2223,B96 B98,0,1,0,0,1,0.2577302943795193,0,0-18
836,1,1,"Compton, Miss. Sara Rebecca",PC 17756,E49,1,0,1,0,0,2.582218450494021,2,35-50
837,0,3,"Pasic, Mr. Jakob",315097,B96 B98,0,1,0,0,1,0.268986587356938,0,18-35
838,0,3,"Sirota, Mr. Maurice",392092,B96 B98,0,1,0,0,1,0.24996733370543736,0,18-35
839,1,3,"Chip, Mr. Chang",1601,B96 B98,0,1,0,0,1,1.754298694603186,0,18-35
840,1,1,"Marechal, Mr. Pierre",11774,C47,0,1,1,0,0,0.9222397280809302,0,18-35
841,0,3,"Alhomaki, Mr. Ilmari Rudolf",SOTON/O2 3101287,B96 B98,0,1,0,0,1,0.24608585336839636,0,18-35
842,0,2,"Mudd, Mr. Thomas Charles",S.O./P.P. 3,B96 B98,0,1,0,0,1,0.32604434831143997,0,0-18
843,1,1,"Serepeca, Miss. Augusta",113798,B96 B98,1,0,1,0,0,0.9626071235861562,0,18-35
844,0,3,"Lemberopolous, Mr. Peter L",2683,B96 B98,0,1,1,0,0,0.19989623735760906,0,18-35
845,0,3,"Culumovic, Mr. Jeso",315090,B96 B98,0,1,0,0,1,0.268986587356938,0,0-18
846,0,3,"Abbing, Mr. Anthony",C.A. 5547,B96 B98,0,1,0,0,1,0.2344414123572735,0,35-50
847,0,3,"Sage, Mr. Douglas Bullen",CA. 2343,B96 B98,0,1,0,0,1,2.159655659529586,10,18-35
848,0,3,"Markoff, Mr. Marin",349213,B96 B98,0,1,1,0,0,0.24517913956166362,0,18-35
849,0,2,"Harper, Rev. John",248727,B96 B98,0,1,0,0,1,1.0247108089788115,1,18-35
850,1,1,"Goldenberg, Mrs. Samuel L (Edwiga Grabowska)",17453,C92,1,0,1,0,0,2.7668496019821154,1,18-35
851,0,3,"Andersson, Master. Sigvard Harald Elias",347082,B96 B98,0,1,0,0,1,0.9711463803276462,6,0-18
852,0,3,"Svensson, Mr. Johan",347060,B96 B98,0,1,0,0,1,0.24142807696394725,0,50+
853,0,3,"Boulos, Miss. Nourelain",2678,B96 B98,1,0,1,0,0,0.47341018337967156,2,0-18
854,1,1,"Lines, Miss. Mary Conover",PC 17592,D28,1,0,0,0,1,1.2234426022353082,1,0-18
855,0,2,"Carter, Mrs. Ernest Courtenay (Lilian Hughes)",244252,B96 B98,1,0,0,0,1,0.8073479101045181,1,35-50
856,1,3,"Aks, Mrs. Sam (Leah Rosen)",392091,B96 B98,1,0,0,0,1,0.2903347292106632,1,0-18
857,1,1,"Wick, Mrs. George Dennick (Mary Hitchcock)",36928,B96 B98,1,0,0,0,1,5.119414834262637,2,35-50
858,1,1,"Daly, Mr. Peter Denis ",113055,E17,0,1,0,0,1,0.8244264235874983,0,50+
859,1,3,"Baclini, Mrs. Solomon (Latifa Qurban)",2666,B96 B98,1,0,1,0,0,0.5980057021986861,3,18-35
860,0,3,"Razi, Mr. Raihed",2629,B96 B98,0,1,1,0,0,0.2244799812202916,0,18-35
861,0,3,"Hansen, Mr. Claus Peter",350026,B96 B98,0,1,0,0,1,0.43808871231259894,2,35-50
862,0,2,"Giles, Mr. Frederick Edward",28134,B96 B98,0,1,0,0,1,0.3570961910077676,1,18-35
863,1,1,"Swift, Mrs. Frederick Joel (Margaret Welles Barron)",17466,D17,1,0,0,0,1,0.8051494396416181,0,35-50
864,0,3,"Sage, Miss. Dorothy Edith ""Dolly""",CA. 2343,B96 B98,1,0,0,0,1,2.159655659529586,10,18-35
865,0,2,"Gill, Mr. John William",233866,B96 B98,0,1,0,0,1,0.40367395505225906,0,18-35
866,1,2,"Bystrom, Mrs. (Karolina)",236852,B96 B98,1,0,0,0,1,0.40367395505225906,0,35-50
867,1,2,"Duran y More, Miss. Asuncion",SC/PARIS 2149,B96 B98,1,0,1,0,0,0.43032575163851705,1,18-35
868,0,1,"Roebling, Mr. Washington Augustus II",PC 17590,A24,0,1,0,0,1,1.5679876384252203,0,18-35
869,0,3,"van Melkebeke, Mr. Philemon",345777,B96 B98,0,1,0,0,1,0.29499250561511237,0,18-35
870,1,3,"Johnson, Master. Harold Theodor",347742,B96 B98,0,1,0,0,1,0.3457094802910243,2,0-18
871,0,3,"Balkic, Mr. Cerin",349248,B96 B98,0,1,0,0,1,0.24517913956166362,0,18-35
872,1,1,"Beckwith, Mrs. Richard Leonard (Sallie Monypeny)",11751,D35,1,0,0,0,1,1.631904751431341,2,35-50
873,0,1,"Carlsson, Mr. Frans Olof",695,B51 B53 B55,0,1,0,0,1,0.1552592134816381,0,18-35
874,0,3,"Vander Cruyssen, Mr. Victor",345765,B96 B98,0,1,0,0,1,0.2794665842669486,0,35-50
875,1,2,"Abelson, Mrs. Samuel (Hannah Wizosky)",P/PP 3381,B96 B98,1,0,1,0,0,0.7452442247118628,1,18-35
876,1,3,"Najib, Miss. Adele Kiamie ""Jane""",2667,B96 B98,1,0,1,0,0,0.22434956348096705,0,0-18
877,0,3,"Gustafsson, Mr. Alfred Ossian",7534,B96 B98,0,1,0,0,1,0.30573023281950246,0,18-35
878,0,3,"Petroff, Mr. Nedelio",349212,B96 B98,0,1,0,0,1,0.24517913956166362,0,18-35
879,0,3,"Laleff, Mr. Kristo",349217,B96 B98,0,1,0,0,1,0.24517913956166362,0,18-35
880,1,1,"Potter, Mrs. Thomas Jr (Lily Alexenia Wilson)",11767,C50,1,0,1,0,0,2.582218450494021,1,50+
881,1,2,"Shelley, Mrs. William (Imanita Parrish Hall)",230433,B96 B98,1,0,0,0,1,0.8073479101045181,1,18-35
882,0,3,"Markun, Mr. Johann",349257,B96 B98,0,1,0,0,1,0.24517913956166362,0,18-35
883,0,3,"Dahlberg, Miss. Gerda Ulrika",7552,B96 B98,1,0,0,0,1,0.3265629140844687,0,18-35
884,0,2,"Banfield, Mr. Frederick James",C.A./SOTON 34068,B96 B98,0,1,0,0,1,0.32604434831143997,0,18-35
885,0,3,"Sutehall, Mr. Henry Jr",SOTON/OQ 392076,B96 B98,0,1,0,0,1,0.2189154910091097,0,18-35
886,0,3,"Rice, Mrs. William (Margaret Norton)",382652,B96 B98,1,0,0,1,0,0.9043849185305419,5,35-50
887,0,2,"Montvila, Rev. Juozas",211536,B96 B98,0,1,0,0,1,0.40367395505225906,0,18-35
888,1,1,"Graham, Miss. Margaret Edith",112053,B42,1,0,0,0,1,0.9315552808898285,0,18-35
889,0,3,"Johnston, Miss. Catherine Helen ""Carrie""",W./C. 6607,B96 B98,1,0,0,0,1,0.7281657112288826,3,18-35
890,1,1,"Behr, Mr. Karl Howell",111369,C148,0,1,1,0,0,0.9315552808898285,0,18-35
891,0,3,"Dooley, Mr. Patrick",370376,B96 B98,0,1,0,1,0,0.24065178089653905,0,18-35
